date,equity,in_position
2018-10-01,100000.0,False
2018-10-02,100000.0,False
2018-10-03,100000.0,False
2018-10-04,100000.0,False
2018-10-05,100000.0,False
2018-10-08,100000.0,False
2018-10-09,100000.0,False
2018-10-10,100000.0,False
2018-10-11,100000.0,False
2018-10-12,100000.0,False
2018-10-15,100000.0,False
2018-10-16,100000.0,False
2018-10-17,100000.0,False
2018-10-18,100000.0,False
2018-10-19,100000.0,False
2018-10-22,100000.0,False
2018-10-23,100000.0,False
2018-10-24,100000.0,False
2018-10-25,100000.0,False
2018-10-26,100000.0,False
2018-10-29,100000.0,False
2018-10-30,100000.0,False
2018-10-31,100000.0,False
2018-11-01,100000.0,False
2018-11-02,100000.0,False
2018-11-05,100000.0,False
2018-11-06,100000.0,False
2018-11-07,100000.0,False
2018-11-08,100000.0,False
2018-11-09,100000.0,False
2018-11-12,100000.0,False
2018-11-13,100000.0,False
2018-11-14,100000.0,False
2018-11-15,100000.0,False
2018-11-16,100000.0,False
2018-11-19,100000.0,False
2018-11-20,100000.0,False
2018-11-21,100000.0,False
2018-11-23,100000.0,False
2018-11-26,100000.0,False
2018-11-27,100000.0,False
2018-11-28,100000.0,False
2018-11-29,100000.0,False
2018-11-30,100000.0,False
2018-12-03,100000.0,False
2018-12-04,100000.0,False
2018-12-06,100000.0,False
2018-12-07,100000.0,False
2018-12-10,100000.0,False
2018-12-11,100000.0,False
2018-12-12,100000.0,False
2018-12-13,100000.0,False
2018-12-14,100000.0,False
2018-12-17,100000.0,False
2018-12-18,100000.0,False
2018-12-19,100000.0,False
2018-12-20,100000.0,False
2018-12-21,100000.0,False
2018-12-24,100000.0,False
2018-12-26,100000.0,False
2018-12-27,100000.0,False
2018-12-28,100000.0,False
2018-12-31,100000.0,False
2019-01-02,100000.0,False
2019-01-03,100000.0,False
2019-01-04,100000.0,False
2019-01-07,100000.0,False
2019-01-08,100000.0,False
2019-01-09,100000.0,False
2019-01-10,100000.0,False
2019-01-11,100000.0,False
2019-01-14,100000.0,False
2019-01-15,100000.0,False
2019-01-16,100000.0,False
2019-01-17,100000.0,False
2019-01-18,99987.25,True
2019-01-22,97743.25,True
2019-01-23,98125.74999999999,True
2019-01-24,97360.75,True
2019-01-25,100573.75,True
2019-01-28,99655.75,True
2019-01-29,98610.25,True
2019-01-30,105329.5,False
2019-01-31,105329.5,False
2019-02-01,105329.5,False
2019-02-04,105317.2,True
2019-02-05,107125.29999999999,False
2019-02-06,107125.29999999999,False
2019-02-07,107112.76999999999,True
2019-02-08,106761.93,True
2019-02-11,106160.48999999999,True
2019-02-12,107062.64999999998,True
2019-02-13,106636.62999999998,True
2019-02-14,107012.53,True
2019-02-15,106761.93,True
2019-02-19,107087.70999999998,True
2019-02-20,107789.38999999998,True
2019-02-21,107187.95,True
2019-02-22,108365.76999999999,True
2019-02-25,109167.68999999999,True
2019-02-26,109217.80999999998,True
2019-02-27,109568.64999999998,True
2019-02-28,108491.06999999998,True
2019-03-01,109618.76999999999,True
2019-03-04,110170.09,True
2019-03-05,109969.61,True
2019-03-06,109343.11,True
2019-03-07,108090.11,True
2019-03-08,108340.70999999998,True
2019-03-11,112099.70999999998,True
2019-03-12,113340.17999999998,False
2019-03-13,113327.70999999998,True
2019-03-14,114574.70999999998,True
2019-03-15,116071.10999999999,True
2019-03-18,117268.22999999997,True
2019-03-19,116320.50999999998,True
2019-03-20,117343.04999999997,True
2019-03-21,121657.66999999998,True
2019-03-22,119138.72999999997,True
2019-03-25,117717.14999999998,True
2019-03-26,116495.08999999998,True
2019-03-27,117542.56999999998,True
2019-03-28,117692.20999999998,True
2019-03-29,118465.34999999999,True
2019-04-01,119263.42999999998,True
2019-04-02,121009.22999999997,True
2019-04-03,121832.24999999999,True
2019-04-04,122031.76999999999,True
2019-04-05,122854.78999999998,True
2019-04-08,124775.16999999998,True
2019-04-09,124426.00999999998,True
2019-04-10,125124.32999999997,True
2019-04-11,124076.84999999999,True
2019-04-12,124026.96999999997,True
2019-04-15,124251.42999999998,True
2019-04-16,124251.42999999998,True
2019-04-17,126670.60999999999,True
2019-04-18,127144.46999999997,True
2019-04-22,127543.50999999998,True
2019-04-23,129389.06999999998,True
2019-04-24,129189.54999999997,True
2019-04-25,128017.36999999998,True
2019-04-26,127418.80999999997,True
2019-04-29,127593.38999999997,True
2019-04-30,125149.26999999999,True
2019-05-01,131272.03999999998,False
2019-05-02,131259.49,True
2019-05-03,132890.99,True
2019-05-06,130832.79,True
2019-05-07,127318.79,True
2019-05-08,127343.88999999998,True
2019-05-09,125963.39,True
2019-05-10,123754.59,True
2019-05-13,118122.15,False
2019-05-14,118122.15,False
2019-05-15,118122.15,False
2019-05-16,118122.15,False
2019-05-17,118122.15,False
2019-05-20,118122.15,False
2019-05-21,118122.15,False
2019-05-22,118122.15,False
2019-05-23,118122.15,False
2019-05-24,118122.15,False
2019-05-28,118122.15,False
2019-05-29,118122.15,False
2019-05-30,118122.15,False
2019-05-31,118122.15,False
2019-06-03,118122.15,False
2019-06-04,118122.15,False
2019-06-05,118122.15,False
2019-06-06,118122.15,False
2019-06-07,118109.73,True
2019-06-10,119624.96999999999,True
2019-06-11,120991.17,True
2019-06-12,120618.56999999999,True
2019-06-13,120593.73,True
2019-06-14,119724.32999999999,True
2019-06-17,120419.84999999999,True
2019-06-18,123251.61,True
2019-06-19,122903.84999999999,True
2019-06-20,123897.44999999998,True
2019-06-21,123475.17,True
2019-06-24,123350.96999999999,True
2019-06-25,121463.12999999999,True
2019-06-26,124096.17,True
2019-06-27,124071.32999999999,True
2019-06-28,122928.68999999999,True
2019-07-01,125189.12999999999,True
2019-07-02,125909.48999999999,True
2019-07-03,126952.77,True
2019-07-05,126853.41,True
2019-07-08,124245.20999999999,True
2019-07-09,124990.41,True
2019-07-10,126232.41,True
2019-07-11,125313.32999999999,True
2019-07-12,126282.09,True
2019-07-15,127449.56999999999,True
2019-07-16,127027.29000000001,True
2019-07-17,126306.93000000001,True
2019-07-18,127747.65,True
2019-07-19,125834.96999999999,True
2019-07-22,128716.41,True
2019-07-23,129710.01,True
2019-07-24,129610.65,True
2019-07-25,128592.20999999999,True
2019-07-26,129039.32999999999,True
2019-07-29,130231.65,True
2019-07-30,129685.17,True
2019-07-31,132305.78999999998,False
2019-08-01,132305.78999999998,False
2019-08-02,132305.78999999998,False
2019-08-05,132305.78999999998,False
2019-08-06,132305.78999999998,False
2019-08-07,132305.78999999998,False
2019-08-08,132305.78999999998,False
2019-08-09,132305.78999999998,False
2019-08-12,132305.78999999998,False
2019-08-13,132305.78999999998,False
2019-08-14,132305.78999999998,False
2019-08-15,132305.78999999998,False
2019-08-16,132292.97999999998,True
2019-08-19,134752.5,True
2019-08-20,134752.5,True
2019-08-21,136212.83999999997,True
2019-08-22,136110.36,True
2019-08-23,129807.83999999998,True
2019-08-26,132267.36,True
2019-08-27,130781.39999999998,True
2019-08-28,131652.47999999998,True
2019-08-29,133881.41999999998,True
2019-08-30,133727.69999999998,True
2019-09-03,131780.58,True
2019-09-04,134009.52,True
2019-09-05,136622.75999999998,True
2019-09-06,136622.75999999998,True
2019-09-09,137186.4,True
2019-09-10,138826.08,True
2019-09-11,143232.71999999997,True
2019-09-12,142899.66,True
2019-09-13,140132.69999999998,True
2019-09-16,140875.67999999996,True
2019-09-17,141388.08,True
2019-09-18,142694.69999999998,True
2019-09-19,141541.8,True
2019-09-20,139466.58,True
2019-09-23,140107.08,True
2019-09-24,139440.96,True
2019-09-25,141593.03999999998,True
2019-09-26,140850.05999999997,True
2019-09-27,140183.93999999997,True
2019-09-30,143463.3,True
2019-10-01,143873.21999999997,True
2019-10-02,140260.8,True
2019-10-03,139235.99999999997,False
2019-10-04,139223.73499999996,True
2019-10-07,139272.79499999995,True
2019-10-08,137629.28499999997,True
2019-10-09,139248.26499999996,True
2019-10-10,141112.54499999995,True
2019-10-11,144865.63499999995,True
2019-10-14,144669.39499999996,True
2019-10-15,144325.97499999995,True
2019-10-16,143737.25499999998,True
2019-10-17,144301.44499999995,True
2019-10-18,144988.28499999997,True
2019-10-21,147514.87499999997,True
2019-10-22,147171.45499999996,True
2019-10-23,149158.38499999995,True
2019-10-24,149403.68499999994,True
2019-10-25,151243.43499999994,True
2019-10-28,152739.76499999996,True
2019-10-29,149207.44499999995,True
2019-10-30,149207.44499999995,True
2019-10-31,146190.25499999995,False
2019-11-01,146190.25499999995,False
2019-11-04,146190.25499999995,False
2019-11-05,146190.25499999995,False
2019-11-06,146178.88999999996,True
2019-11-07,147429.03999999995,True
2019-11-08,147838.17999999996,True
2019-11-11,148997.40999999995,True
2019-11-12,148861.02999999994,True
2019-11-13,150293.01999999996,True
2019-11-14,149247.43999999994,True
2019-11-15,151020.37999999995,True
2019-11-18,151793.19999999995,True
2019-11-19,151315.86999999994,True
2019-11-20,149565.65999999995,True
2019-11-21,148883.75999999995,True
2019-11-22,148770.10999999996,True
2019-11-25,151361.32999999996,True
2019-11-26,150179.36999999994,True
2019-11-27,152202.33999999994,True
2019-11-29,151861.38999999996,True
2019-12-02,150111.17999999996,True
2019-12-03,147429.03999999995,True
2019-12-04,148747.37999999995,True
2019-12-05,150906.72999999995,True
2019-12-06,153838.89999999997,True
2019-12-09,151679.54999999996,True
2019-12-10,152566.01999999996,True
2019-12-11,153861.62999999995,True
2019-12-12,154248.03999999995,True
2019-12-13,156361.92999999996,True
2019-12-16,159044.06999999995,True
2019-12-17,159339.55999999994,True
2019-12-18,158975.87999999995,True
2019-12-19,159134.98999999996,True
2019-12-20,158794.03999999995,True
2019-12-23,161385.25999999995,True
2019-12-24,161544.36999999994,True
2019-12-26,164749.29999999996,True
2019-12-27,164681.10999999996,True
2019-12-30,165658.49999999994,True
2019-12-31,166863.18999999994,True
2020-01-02,170670.46499999997,False
2020-01-03,170658.98999999996,True
2020-01-06,172013.03999999995,True
2020-01-07,171209.78999999995,True
2020-01-08,173963.78999999995,True
2020-01-09,177658.73999999993,True
2020-01-10,178048.88999999996,True
2020-01-13,181847.11499999993,False
2020-01-14,181835.48499999993,True
2020-01-15,181044.6449999999,True
2020-01-16,183324.1249999999,True
2020-01-17,185347.74499999994,True
2020-01-21,184091.70499999993,True
2020-01-22,184742.98499999993,True
2020-01-23,185650.1249999999,True
2020-01-24,185115.1449999999,True
2020-01-27,179672.3049999999,True
2020-01-28,184742.98499999993,True
2020-01-29,188604.1449999999,True
2020-01-30,188348.28499999992,True
2020-01-31,179997.9449999999,True
2020-02-03,179509.48499999993,True
2020-02-04,185417.5249999999,True
2020-02-05,186929.4249999999,True
2020-02-06,189115.8649999999,True
2020-02-07,186115.32499999992,True
2020-02-10,186999.20499999993,True
2020-02-11,185859.46499999994,True
2020-02-12,190278.8649999999,True
2020-02-13,188929.78499999992,True
2020-02-14,188976.3049999999,True
2020-02-18,185510.56499999992,True
2020-02-19,188208.72499999992,True
2020-02-20,186278.1449999999,True
2020-02-21,182044.82499999992,True
2020-02-24,173415.3649999999,True
2020-02-25,167530.5849999999,True
2020-02-26,170182.22499999992,True
2020-02-27,163641.51299999992,False
2020-02-28,163641.51299999992,False
2020-03-02,163641.51299999992,False
2020-03-03,163641.51299999992,False
2020-03-04,163641.51299999992,False
2020-03-05,163641.51299999992,False
2020-03-06,163641.51299999992,False
2020-03-09,163641.51299999992,False
2020-03-10,163641.51299999992,False
2020-03-11,163641.51299999992,False
2020-03-12,163641.51299999992,False
2020-03-13,163641.51299999992,False
2020-03-16,163641.51299999992,False
2020-03-17,163641.51299999992,False
2020-03-18,163641.51299999992,False
2020-03-19,163641.51299999992,False
2020-03-20,163641.51299999992,False
2020-03-23,163641.51299999992,False
2020-03-24,163641.51299999992,False
2020-03-25,163641.51299999992,False
2020-03-26,163641.51299999992,False
2020-03-27,163641.51299999992,False
2020-03-30,163641.51299999992,False
2020-03-31,163641.51299999992,False
2020-04-01,163641.51299999992,False
2020-04-02,163641.51299999992,False
2020-04-03,163641.51299999992,False
2020-04-06,163629.04799999992,True
2020-04-07,161734.36799999993,True
2020-04-08,165872.7479999999,True
2020-04-09,167069.38799999992,True
2020-04-13,170335.21799999994,True
2020-04-14,178923.60299999994,False
2020-04-15,178923.60299999994,False
2020-04-16,178923.60299999994,False
2020-04-17,178910.95299999995,True
2020-04-20,175191.85299999997,True
2020-04-21,169777.65299999996,True
2020-04-22,174685.85299999994,True
2020-04-23,174002.75299999997,True
2020-04-24,179012.15299999993,True
2020-04-27,179138.65299999996,True
2020-04-28,176229.15299999996,True
2020-04-29,182022.85299999997,True
2020-04-30,185868.45299999995,True
2020-05-01,182883.05299999993,True
2020-05-04,185463.65299999996,True
2020-05-05,188246.65299999996,True
2020-05-06,190194.75299999994,True
2020-05-07,192168.15299999993,True
2020-05-08,196178.20299999995,False
2020-05-11,196178.20299999995,False
2020-05-12,196165.60799999995,True
2020-05-13,193797.74799999993,True
2020-05-14,195006.86799999996,True
2020-05-15,193848.12799999997,True
2020-05-18,198407.51799999995,True
2020-05-19,197273.96799999996,True
2020-05-20,201102.84799999997,True
2020-05-21,199591.44799999995,True
2020-05-22,200876.13799999995,True
2020-05-26,199515.87799999997,True
2020-05-27,200397.52799999996,True
2020-05-28,200473.09799999997,True
2020-05-29,200296.76799999995,True
2020-06-01,202740.19799999995,True
2020-06-02,203672.22799999994,True
2020-06-03,204805.77799999996,True
2020-06-04,203042.47799999994,True
2020-06-05,208823.58299999996,False
2020-06-08,208823.58299999996,False
2020-06-09,208811.44299999994,True
2020-06-10,214177.32299999992,True
2020-06-11,203906.88299999994,True
2020-06-12,205655.04299999995,True
2020-06-15,208204.44299999994,True
2020-06-16,213716.00299999994,True
2020-06-17,213424.64299999995,True
2020-06-18,213497.48299999995,True
2020-06-19,212283.48299999995,True
2020-06-22,217843.60299999994,True
2020-06-23,222481.08299999993,True
2020-06-24,218572.00299999994,True
2020-06-25,221461.32299999992,True
2020-06-26,214662.92299999992,True
2020-06-29,219616.04299999995,True
2020-06-30,221437.04299999995,True
2020-07-01,221024.28299999994,True
2020-07-02,221024.28299999994,True
2020-07-06,226924.32299999992,True
2020-07-07,226220.20299999995,True
2020-07-08,231488.96299999996,True
2020-07-09,232314.48299999995,True
2020-07-10,232897.20299999995,True
2020-07-13,231828.88299999994,True
2020-07-14,235665.12299999993,True
2020-07-15,237291.88299999994,True
2020-07-16,234354.00299999994,True
2020-07-17,233892.68299999993,True
2020-07-20,238821.52299999993,True
2020-07-21,235519.44299999994,True
2020-07-22,236175.00299999994,True
2020-07-23,230559.0389999999,False
2020-07-24,230559.0389999999,False
2020-07-27,230559.0389999999,False
2020-07-28,230559.0389999999,False
2020-07-29,230559.0389999999,False
2020-07-30,230559.0389999999,False
2020-07-31,230559.0389999999,False
2020-08-03,230559.0389999999,False
2020-08-04,230559.0389999999,False
2020-08-05,230559.0389999999,False
2020-08-06,230559.0389999999,False
2020-08-07,230559.0389999999,False
2020-08-10,230548.8139999999,True
2020-08-11,223698.06399999987,True
2020-08-12,231121.4139999999,True
2020-08-13,235211.4139999999,True
2020-08-14,235006.91399999987,True
2020-08-17,234393.4139999999,True
2020-08-18,236336.1639999999,True
2020-08-19,236642.91399999987,True
2020-08-20,241898.5639999999,True
2020-08-21,254352.6139999999,True
2020-08-24,257399.6639999999,True
2020-08-25,255293.3139999999,True
2020-08-26,258749.36399999988,True
2020-08-27,255661.4139999999,True
2020-08-28,255252.4139999999,True
2020-08-31,263902.76399999985,True
2020-09-01,274403.8389999999,False
2020-09-02,274403.8389999999,False
2020-09-03,274403.8389999999,False
2020-09-04,274403.8389999999,False
2020-09-08,274403.8389999999,False
2020-09-09,274403.8389999999,False
2020-09-10,274403.8389999999,False
2020-09-11,274403.8389999999,False
2020-09-14,274403.8389999999,False
2020-09-15,274403.8389999999,False
2020-09-16,274403.8389999999,False
2020-09-17,274403.8389999999,False
2020-09-18,274403.8389999999,False
2020-09-21,274403.8389999999,False
2020-09-22,274403.8389999999,False
2020-09-23,274403.8389999999,False
2020-09-24,274403.8389999999,False
2020-09-25,274403.8389999999,False
2020-09-28,274403.8389999999,False
2020-09-29,274403.8389999999,False
2020-09-30,274403.8389999999,False
2020-10-01,274392.0939999999,True
2020-10-02,265536.3639999999,True
2020-10-05,273710.8839999999,True
2020-10-06,265865.2239999999,True
2020-10-07,270375.3039999999,True
2020-10-08,270116.9139999999,True
2020-10-09,274814.9139999999,True
2020-10-12,292256.23899999994,False
2020-10-13,292256.23899999994,False
2020-10-14,292244.18399999995,True
2020-10-15,291086.904,True
2020-10-16,287012.31399999995,True
2020-10-19,279682.874,True
2020-10-20,283371.70399999997,True
2020-10-21,281828.664,True
2020-10-22,279128.344,True
2020-10-23,277416.534,True
2020-10-26,277440.644,True
2020-10-27,281177.69399999996,True
2020-10-28,268158.294,True
2020-10-29,278091.61399999994,True
2020-10-30,263013.22,False
2020-11-02,263013.22,False
2020-11-03,263013.22,False
2020-11-04,263013.22,False
2020-11-05,263013.22,False
2020-11-06,263002.14499999996,True
2020-11-09,257752.59499999997,True
2020-11-10,256977.34499999997,True
2020-11-11,264774.14499999996,True
2020-11-12,264153.94499999995,True
2020-11-13,264264.695,True
2020-11-16,266568.295,True
2020-11-17,264552.64499999996,True
2020-11-18,261540.245,True
2020-11-19,262891.39499999996,True
2020-11-20,260011.895,True
2020-11-23,252281.54499999998,True
2020-11-24,255205.345,True
2020-11-25,257110.245,True
2020-11-27,258350.645,True
2020-11-30,263799.545,True
2020-12-01,271928.595,True
2020-12-02,272714.92,False
2020-12-03,272703.82999999996,True
2020-12-04,271173.41,True
2020-12-07,274500.41,True
2020-12-08,275897.74999999994,True
2020-12-09,270130.94999999995,True
2020-12-10,273369.23,True
2020-12-11,271528.29,True
2020-12-14,270130.94999999995,True
2020-12-15,283660.74999999994,True
2020-12-16,283505.49,True
2020-12-17,285479.50999999995,True
2020-12-18,280954.79,True
2020-12-21,284437.04999999993,True
2020-12-22,292532.74999999994,True
2020-12-23,290492.19,True
2020-12-24,292732.37,True
2020-12-28,303190.23999999993,False
2020-12-29,303190.23999999993,False
2020-12-30,303178.9049999999,True
2020-12-31,300843.8949999999,True
2021-01-04,293408.1349999999,True
2021-01-05,297035.3349999999,True
2021-01-06,287037.86499999993,True
2021-01-07,296831.3049999999,True
2021-01-08,299393.01499999996,True
2021-01-11,292433.3249999999,True
2021-01-12,292025.26499999996,True
2021-01-13,296763.29499999987,True
2021-01-14,292274.6349999999,True
2021-01-15,288262.0449999999,True
2021-01-19,289826.2749999999,True
2021-01-20,299347.67499999993,True
2021-01-21,310319.95499999996,True
2021-01-22,315307.3549999999,True
2021-01-25,324035.3049999999,True
2021-01-26,324568.0499999999,False
2021-01-27,324556.6299999999,True
2021-01-28,313205.1499999999,True
2021-01-29,301488.2299999999,True
2021-02-01,306467.34999999986,True
2021-02-02,308408.74999999994,True
2021-02-03,306010.54999999993,True
2021-02-04,313890.34999999986,True
2021-02-05,312451.4299999999,True
2021-02-08,312794.0299999999,True
2021-02-09,310738.4299999999,True
2021-02-10,309322.34999999986,True
2021-02-11,308728.5099999999,True
2021-02-12,309276.6699999999,True
2021-02-16,304297.54999999993,True
2021-02-17,298930.1499999999,True
2021-02-18,292098.70599999995,False
2021-02-19,292098.70599999995,False
2021-02-22,292098.70599999995,False
2021-02-23,292098.70599999995,False
2021-02-24,292098.70599999995,False
2021-02-25,292098.70599999995,False
2021-02-26,292098.70599999995,False
2021-03-01,292098.70599999995,False
2021-03-02,292098.70599999995,False
2021-03-03,292098.70599999995,False
2021-03-04,292098.70599999995,False
2021-03-05,292098.70599999995,False
2021-03-08,292098.70599999995,False
2021-03-09,292098.70599999995,False
2021-03-10,292098.70599999995,False
2021-03-11,292098.70599999995,False
2021-03-12,292098.70599999995,False
2021-03-15,292098.70599999995,False
2021-03-16,292087.07599999994,True
2021-03-17,290203.01599999995,True
2021-03-18,280364.03599999996,True
2021-03-19,279107.9959999999,True
2021-03-22,287016.39599999995,True
2021-03-23,285039.296,True
2021-03-24,279340.59599999996,True
2021-03-25,280503.59599999996,True
2021-03-26,281945.7159999999,True
2021-03-29,282364.39599999995,True
2021-03-30,278898.65599999996,True
2021-03-31,284132.15599999996,True
2021-04-01,286109.25599999994,True
2021-04-05,292854.65599999996,True
2021-04-06,293575.7159999999,True
2021-04-07,297495.02599999995,False
2021-04-08,297495.02599999995,False
2021-04-09,297495.02599999995,False
2021-04-12,297483.69599999994,True
2021-04-13,304712.2359999999,True
2021-04-14,299273.8359999999,True
2021-04-15,304870.8559999999,True
2021-04-16,304100.4159999999,True
2021-04-19,305641.2959999999,True
2021-04-20,301721.1159999999,True
2021-04-21,302604.8559999999,True
2021-04-22,299069.8959999999,True
2021-04-23,304462.9759999999,True
2021-04-26,305369.37599999993,True
2021-04-27,304621.5959999999,True
2021-04-28,302786.13599999994,True
2021-04-29,302559.5359999999,True
2021-04-30,297982.21599999996,True
2021-05-03,300429.49599999987,True
2021-05-04,289801.9559999999,True
2021-05-05,290368.4559999999,True
2021-05-06,294084.69599999994,True
2021-05-07,295149.71599999996,True
2021-05-10,287535.9559999999,True
2021-05-11,285405.9159999999,True
2021-05-12,278290.6759999999,True
2021-05-13,283275.87599999993,True
2021-05-14,288895.5559999999,True
2021-05-17,286221.6759999999,True
2021-05-18,283003.9559999999,True
2021-05-19,282641.3959999999,True
2021-05-20,288578.31599999993,True
2021-05-21,284318.2359999999,True
2021-05-24,288102.4559999999,True
2021-05-25,287649.25599999994,True
2021-05-26,287535.9559999999,True
2021-05-27,283978.3359999999,True
2021-05-28,282460.1159999999,True
2021-06-01,281712.3359999999,True
2021-06-02,283479.81599999993,True
2021-06-03,280035.4959999999,True
2021-06-04,285360.5959999999,True
2021-06-07,285383.25599999994,True
2021-06-08,287286.6959999999,True
2021-06-09,288170.4359999999,True
2021-06-10,285859.1159999999,True
2021-06-11,288668.9559999999,True
2021-06-14,295750.2059999999,False
2021-06-15,295738.80099999986,True
2021-06-16,296902.1109999999,True
2021-06-17,300642.9509999999,True
2021-06-18,297609.2209999999,True
2021-06-21,301806.26099999994,True
2021-06-22,305638.3409999999,True
2021-06-23,304999.66099999985,True
2021-06-24,304338.1709999999,True
2021-06-25,303653.8709999999,True
2021-06-28,307463.1409999999,True
2021-06-29,310998.69099999993,True
2021-06-30,312435.7209999999,True
2021-07-01,313142.8309999999,True
2021-07-02,319278.7209999999,True
2021-07-06,323966.17599999986,False
2021-07-07,323966.17599999986,False
2021-07-08,323954.87099999987,True
2021-07-09,328182.9409999999,True
2021-07-12,326803.73099999985,True
2021-07-13,329381.27099999983,True
2021-07-14,337317.3809999999,True
2021-07-15,335802.5109999998,True
2021-07-16,331077.02099999983,True
2021-07-19,322168.6809999998,True
2021-07-20,330534.3809999999,True
2021-07-21,328838.6309999999,True
2021-07-22,332004.0309999999,True
2021-07-23,335983.3909999999,True
2021-07-26,336955.62099999987,True
2021-07-27,331936.2009999999,True
2021-07-28,327889.0109999998,True
2021-07-29,329381.27099999983,True
2021-07-30,329878.6909999999,True
2021-08-02,329109.9509999999,True
2021-08-03,333270.1909999999,True
2021-08-04,332343.1809999998,True
2021-08-05,332591.8909999999,True
2021-08-06,330511.77099999983,True
2021-08-09,330398.72099999984,True
2021-08-10,329290.83099999983,True
2021-08-11,329878.6909999999,True
2021-08-12,336729.52099999983,True
2021-08-13,337204.33099999983,True
2021-08-16,341760.24599999987,False
2021-08-17,341748.87099999987,True
2021-08-18,333035.6209999999,True
2021-08-19,333809.12099999987,True
2021-08-20,337198.87099999987,True
2021-08-23,340656.87099999987,True
2021-08-24,340452.12099999987,True
2021-08-25,337585.6209999999,True
2021-08-26,335720.12099999987,True
2021-08-27,338131.62099999987,True
2021-08-30,348403.24599999987,False
2021-08-31,348391.7759999999,True
2021-09-01,349951.6959999999,True
2021-09-02,352566.8559999999,True
2021-09-03,354057.9559999999,True
2021-09-07,359529.1459999999,False
2021-09-08,359517.56099999987,True
2021-09-09,357107.8809999998,True
2021-09-10,345291.1809999998,True
2021-09-13,346635.04099999985,True
2021-09-14,343321.73099999985,True
2021-09-15,345430.2009999998,True
2021-09-16,344874.1209999998,True
2021-09-17,338548.71099999984,True
2021-09-20,331319.6709999998,True
2021-09-21,332455.0009999998,True
2021-09-22,338062.1409999998,True
2021-09-23,340332.80099999986,True
2021-09-24,340541.3309999998,True
2021-09-27,336949.98099999985,True
2021-09-28,328933.1609999998,True
2021-09-29,331064.80099999986,True
2021-09-30,327983.1909999998,True
2021-10-01,323566.9889999998,False
2021-10-04,323566.9889999998,False
2021-10-05,323566.9889999998,False
2021-10-06,323566.9889999998,False
2021-10-07,323566.9889999998,False
2021-10-08,323566.9889999998,False
2021-10-11,323566.9889999998,False
2021-10-12,323566.9889999998,False
2021-10-13,323566.9889999998,False
2021-10-14,323555.7389999998,True
2021-10-15,325985.7389999998,True
2021-10-18,329833.2389999998,True
2021-10-19,334805.7389999998,True
2021-10-20,335930.7389999998,True
2021-10-21,336425.7389999998,True
2021-10-22,334648.2389999998,True
2021-10-25,334535.73899999977,True
2021-10-26,336065.7389999998,True
2021-10-27,335008.2389999998,True
2021-10-28,343378.2389999998,True
2021-10-29,337145.7389999998,True
2021-11-01,335255.7389999998,True
2021-11-02,337640.7389999998,True
2021-11-03,340948.2389999998,True
2021-11-04,339755.7389999998,True
2021-11-05,340475.7389999998,True
2021-11-08,338585.7389999998,True
2021-11-09,339418.2389999998,True
2021-11-10,332915.7389999998,True
2021-11-11,332803.2389999998,True
2021-11-12,337573.2389999998,True
2021-11-15,337595.7389999998,True
2021-11-16,339845.7389999998,True
2021-11-17,345448.2389999998,True
2021-11-18,355303.2389999998,True
2021-11-19,361333.2389999998,True
2021-11-22,362390.7389999998,True
2021-11-23,363268.2389999998,True
2021-11-24,364460.7389999998,True
2021-11-26,352918.2389999998,True
2021-11-29,360635.7389999998,True
2021-11-30,372020.7389999998,True
2021-12-01,370828.2389999998,True
2021-12-02,364100.7389999998,False
2021-12-03,364100.7389999998,False
2021-12-06,364089.7289999998,True
2021-12-07,376993.4489999998,True
2021-12-08,385570.2389999998,False
2021-12-09,385570.2389999998,False
2021-12-10,385570.2389999998,False
2021-12-13,385559.2739999998,True
2021-12-14,382467.1439999998,True
2021-12-15,393366.3539999998,True
2021-12-16,377927.6339999998,True
2021-12-17,375471.47399999975,True
2021-12-20,372423.2039999998,True
2021-12-21,379528.5239999998,True
2021-12-22,385339.97399999975,True
2021-12-23,386743.4939999998,True
2021-12-27,395625.1439999998,True
2021-12-28,393344.42399999977,True
2021-12-29,393541.79399999976,True
2021-12-30,390954.05399999977,True
2021-12-31,389572.4639999998,True
2022-01-03,399309.3839999998,True
2022-01-04,394243.55399999977,True
2022-01-05,383761.0139999998,True
2022-01-06,377357.4539999998,True
2022-01-07,377730.2639999998,True
2022-01-10,377774.1239999998,True
2022-01-11,384111.8939999998,True
2022-01-12,385098.7439999998,True
2022-01-13,377774.1239999998,True
2022-01-14,379703.9639999998,True
2022-01-18,372532.8539999998,True
2022-01-19,364703.84399999975,True
2022-01-20,360931.8839999998,True
2022-01-21,356326.5839999998,True
2022-01-24,347008.5269999998,False
2022-01-25,347008.5269999998,False
2022-01-26,347008.5269999998,False
2022-01-27,347008.5269999998,False
2022-01-28,347008.5269999998,False
2022-01-31,347008.5269999998,False
2022-02-01,346998.59199999983,True
2022-02-02,349442.60199999984,True
2022-02-03,343600.8219999998,True
2022-02-04,342587.4519999998,True
2022-02-07,341136.9419999998,True
2022-02-08,347435.73199999984,True
2022-02-09,350316.8819999998,True
2022-02-10,342050.9619999998,True
2022-02-11,335136.2019999998,True
2022-02-14,335613.0819999998,True
2022-02-15,343382.2519999998,True
2022-02-16,342905.37199999986,True
2022-02-17,335613.0819999998,True
2022-02-18,332473.62199999986,True
2022-02-22,326552.3619999998,True
2022-02-23,318107.6119999998,True
2022-02-24,312293.6499999999,False
2022-02-25,312293.6499999999,False
2022-02-28,312293.6499999999,False
2022-03-01,312293.6499999999,False
2022-03-02,312293.6499999999,False
2022-03-03,312293.6499999999,False
2022-03-04,312293.6499999999,False
2022-03-07,312293.6499999999,False
2022-03-08,312293.6499999999,False
2022-03-09,312293.6499999999,False
2022-03-10,312293.6499999999,False
2022-03-11,312293.6499999999,False
2022-03-14,312293.6499999999,False
2022-03-15,312293.6499999999,False
2022-03-16,312293.6499999999,False
2022-03-17,312293.6499999999,False
2022-03-18,312284.1299999999,True
2022-03-21,314949.7299999999,True
2022-03-22,321499.4899999999,True
2022-03-23,324146.04999999993,True
2022-03-24,331485.96999999986,False
2022-03-25,331485.96999999986,False
2022-03-28,331485.96999999986,False
2022-03-29,331485.96999999986,False
2022-03-30,331476.64999999985,True
2022-03-31,325586.40999999986,True
2022-04-01,325027.20999999985,True
2022-04-04,332725.5299999998,True
2022-04-05,326425.20999999985,True
2022-04-06,320404.4899999998,True
2022-04-07,320982.3299999998,True
2022-04-08,317161.12999999983,True
2022-04-11,309071.3699999998,True
2022-04-12,312631.6099999998,True
2022-04-13,317738.96999999986,True
2022-04-14,308213.9299999998,True
2022-04-18,307803.8499999998,True
2022-04-19,312146.96999999986,True
2022-04-20,311830.0899999998,True
2022-04-21,310320.2499999998,True
2022-04-22,301689.9299999998,True
2022-04-25,298331.00199999986,False
2022-04-26,298331.00199999986,False
2022-04-27,298331.00199999986,False
2022-04-28,298331.00199999986,False
2022-04-29,298331.00199999986,False
2022-05-02,298331.00199999986,False
2022-05-03,298331.00199999986,False
2022-05-04,298331.00199999986,False
2022-05-05,298331.00199999986,False
2022-05-06,298331.00199999986,False
2022-05-09,298331.00199999986,False
2022-05-10,298331.00199999986,False
2022-05-11,298331.00199999986,False
2022-05-12,298331.00199999986,False
2022-05-13,298331.00199999986,False
2022-05-16,298331.00199999986,False
2022-05-17,298331.00199999986,False
2022-05-18,298331.00199999986,False
2022-05-19,298331.00199999986,False
2022-05-20,298331.00199999986,False
2022-05-23,298331.00199999986,False
2022-05-24,298331.00199999986,False
2022-05-25,298331.00199999986,False
2022-05-26,298331.00199999986,False
2022-05-27,298331.00199999986,False
2022-05-31,298331.00199999986,False
2022-06-01,298331.00199999986,False
2022-06-02,298321.1419999999,True
2022-06-03,286824.38199999987,True
2022-06-06,288323.10199999984,True
2022-06-07,293391.1419999999,True
2022-06-08,291912.1419999999,True
2022-06-09,281421.10199999984,True
2022-06-10,270555.38199999987,True
2022-06-13,266739.56199999986,False
2022-06-14,266739.56199999986,False
2022-06-15,266739.56199999986,False
2022-06-16,266739.56199999986,False
2022-06-17,266739.56199999986,False
2022-06-21,266739.56199999986,False
2022-06-22,266739.56199999986,False
2022-06-23,266739.56199999986,False
2022-06-24,266739.56199999986,False
2022-06-27,266739.56199999986,False
2022-06-28,266739.56199999986,False
2022-06-29,266739.56199999986,False
2022-06-30,266739.56199999986,False
2022-07-01,266739.56199999986,False
2022-07-05,266739.56199999986,False
2022-07-06,266730.23199999984,True
2022-07-07,273130.61199999985,True
2022-07-08,274418.1519999999,True
2022-07-11,270368.93199999986,True
2022-07-12,272216.2719999999,True
2022-07-13,271525.8519999999,True
2022-07-14,277086.5319999999,True
2022-07-15,280258.73199999984,True
2022-07-18,274474.13199999987,True
2022-07-19,281807.5119999999,True
2022-07-20,285614.1519999999,True
2022-07-21,289915.28199999983,False
2022-07-22,289905.8769999998,True
2022-07-25,287761.5369999998,True
2022-07-26,285222.1869999998,True
2022-07-27,294984.5769999998,True
2022-07-28,296037.9369999998,True
2022-07-29,305734.4919999998,False
2022-08-01,305734.4919999998,False
2022-08-02,305724.9419999998,True
2022-08-03,317404.59199999983,False
2022-08-04,317404.59199999983,False
2022-08-05,317394.99699999986,True
2022-08-08,316473.8769999999,True
2022-08-09,316569.8269999999,True
2022-08-10,324859.9069999999,True
2022-08-11,323420.6569999999,True
2022-08-12,330348.24699999986,True
2022-08-15,332439.9569999999,True
2022-08-16,332132.9169999999,True
2022-08-17,335049.7969999999,True
2022-08-18,334282.1969999999,True
2022-08-19,329235.2269999999,True
2022-08-22,321655.17699999985,True
2022-08-23,321002.7169999999,True
2022-08-24,321578.4169999999,True
2022-08-25,326375.9169999999,True
2022-08-26,314075.1269999999,True
2022-08-29,309776.56699999986,True
2022-08-30,305036.6369999999,True
2022-08-31,301793.5269999999,True
2022-09-01,303213.5869999999,True
2022-09-02,299087.7369999999,True
2022-09-06,296631.4169999999,True
2022-09-07,299375.5869999999,True
2022-09-08,296497.0869999999,True
2022-09-09,302081.3769999999,True
2022-09-12,313710.51699999993,True
2022-09-13,295307.3069999999,True
2022-09-14,298128.2369999999,True
2022-09-15,292486.3769999999,True
2022-09-16,285654.7369999999,False
2022-09-19,285654.7369999999,False
2022-09-20,285654.7369999999,False
2022-09-21,285654.7369999999,False
2022-09-22,285654.7369999999,False
2022-09-23,285654.7369999999,False
2022-09-26,285654.7369999999,False
2022-09-27,285654.7369999999,False
2022-09-28,285654.7369999999,False
2022-09-29,285654.7369999999,False
2022-09-30,285654.7369999999,False
2022-10-03,285654.7369999999,False
2022-10-04,285654.7369999999,False
2022-10-05,285654.7369999999,False
2022-10-06,285654.7369999999,False
2022-10-07,285654.7369999999,False
2022-10-10,285654.7369999999,False
2022-10-11,285654.7369999999,False
2022-10-12,285654.7369999999,False
2022-10-13,285654.7369999999,False
2022-10-14,285654.7369999999,False
2022-10-17,285654.7369999999,False
2022-10-18,285654.7369999999,False
2022-10-19,285654.7369999999,False
2022-10-20,285654.7369999999,False
2022-10-21,285645.0419999999,True
2022-10-24,289872.06199999986,True
2022-10-25,295466.0769999999,False
2022-10-26,295456.18699999986,True
2022-10-27,286456.2869999999,True
2022-10-28,308085.7169999999,False
2022-10-31,308075.6719999999,True
2022-11-01,302671.46199999994,True
2022-11-02,291380.8819999999,True
2022-11-03,279025.5319999999,True
2022-11-04,277259.6209999999,False
2022-11-07,277259.6209999999,False
2022-11-08,277259.6209999999,False
2022-11-09,277259.6209999999,False
2022-11-10,277259.6209999999,False
2022-11-11,277259.6209999999,False
2022-11-14,277259.6209999999,False
2022-11-15,277250.38599999994,True
2022-11-16,274941.63599999994,True
2022-11-17,278506.34599999996,True
2022-11-18,279559.13599999994,True
2022-11-21,273500.9759999999,True
2022-11-22,277508.96599999996,True
2022-11-23,279152.7959999999,True
2022-11-25,273685.676,True
2022-11-28,266500.84599999996,True
2022-11-29,260867.49599999993,True
2022-11-30,273537.9159999999,True
2022-12-01,274055.07599999994,True
2022-12-02,273131.57599999994,True
2022-12-05,270952.1159999999,True
2022-12-06,264081.27599999995,True
2022-12-07,260442.68599999993,True
2022-12-08,263601.0559999999,True
2022-12-09,262696.02599999995,True
2022-12-12,266999.53599999996,True
2022-12-13,268809.59599999996,True
2022-12-14,264635.37599999993,True
2022-12-15,252242.00599999994,True
2022-12-16,249528.76299999995,False
2022-12-19,249528.76299999995,False
2022-12-20,249528.76299999995,False
2022-12-21,249528.76299999995,False
2022-12-22,249528.76299999995,False
2022-12-23,249528.76299999995,False
2022-12-27,249528.76299999995,False
2022-12-28,249528.76299999995,False
2022-12-29,249528.76299999995,False
2022-12-30,249528.76299999995,False
2023-01-03,249528.76299999995,False
2023-01-04,249528.76299999995,False
2023-01-05,249528.76299999995,False
2023-01-06,249528.76299999995,False
2023-01-09,249528.76299999995,False
2023-01-10,249528.76299999995,False
2023-01-11,249528.76299999995,False
2023-01-12,249519.41299999994,True
2023-01-13,252043.91299999994,True
2023-01-17,254250.51299999995,True
2023-01-18,252885.41299999997,True
2023-01-19,252997.61299999998,True
2023-01-20,257859.61299999995,True
2023-01-23,263909.06299999997,False
2023-01-24,263899.80799999996,True
2023-01-25,262659.638,True
2023-01-26,266546.73799999995,True
2023-01-27,270193.2079999999,True
2023-01-30,264769.77799999993,True
2023-01-31,267157.5679999999,True
2023-02-01,269267.7079999999,True
2023-02-02,279244.59799999994,True
2023-02-03,277634.2279999999,False
2023-02-06,277634.2279999999,False
2023-02-07,277634.2279999999,False
2023-02-08,277625.0929999999,True
2023-02-09,275706.7429999999,True
2023-02-10,275962.52299999987,True
2023-02-13,281151.2029999999,True
2023-02-14,279963.6529999999,True
2023-02-15,283855.16299999994,True
2023-02-16,280895.42299999995,True
2023-02-17,278776.10299999994,True
2023-02-21,271340.2129999999,True
2023-02-22,272125.8229999999,True
2023-02-23,273021.0529999999,True
2023-02-24,268106.42299999995,True
2023-02-27,270317.0929999999,True
2023-02-28,269385.3229999999,True
2023-03-01,265548.6229999999,True
2023-03-02,266644.8229999999,True
2023-03-03,275999.0629999999,True
2023-03-06,281114.66299999994,True
2023-03-07,277040.4529999999,True
2023-03-08,279360.7429999999,True
2023-03-09,275195.1829999999,True
2023-03-10,271376.7529999999,True
2023-03-13,274975.9429999999,True
2023-03-14,278849.1829999999,True
2023-03-15,279579.98299999995,True
2023-03-16,284805.2029999999,True
2023-03-17,283252.2529999999,True
2023-03-20,287637.0529999999,True
2023-03-21,291071.8129999999,True
2023-03-22,288422.66299999994,True
2023-03-23,290432.3629999999,True
2023-03-24,292844.0029999999,True
2023-03-27,289244.8129999999,True
2023-03-28,288093.8029999999,True
2023-03-29,293794.04299999995,True
2023-03-30,296698.97299999994,True
2023-03-31,301330.4179999999,False
2023-04-03,301330.4179999999,False
2023-04-04,301321.3229999999,True
2023-04-05,297919.79299999995,True
2023-04-06,299556.8929999999,True
2023-04-10,294772.92299999995,True
2023-04-11,292535.55299999996,True
2023-04-12,291262.2529999999,True
2023-04-13,301193.99299999996,True
2023-04-14,300557.34299999994,True
2023-04-17,300593.72299999994,True
2023-04-18,302849.28299999994,True
2023-04-19,304959.3229999999,True
2023-04-20,303176.703,True
2023-04-21,300211.73299999995,True
2023-04-24,300775.62299999996,True
2023-04-25,297937.98299999995,True
2023-04-26,297919.79299999995,True
2023-04-27,306378.1429999999,True
2023-04-28,308688.2729999999,True
2023-05-01,308524.56299999997,True
2023-05-02,306614.61299999995,True
2023-05-03,304631.90299999993,True
2023-05-04,301612.36299999995,True
2023-05-05,315755.088,False
2023-05-08,315755.088,False
2023-05-09,315745.898,True
2023-05-10,319035.918,True
2023-05-11,319385.138,True
2023-05-12,317216.29799999995,True
2023-05-15,316297.29799999995,True
2023-05-16,316297.29799999995,True
2023-05-17,317436.85799999995,True
2023-05-18,321774.538,True
2023-05-19,321976.718,True
2023-05-22,320212.23799999995,True
2023-05-23,315359.918,True
2023-05-24,315874.55799999996,True
2023-05-25,317988.258,True
2023-05-26,322472.978,True
2023-05-30,325910.038,True
2023-05-31,325818.138,True
2023-06-01,331028.86799999996,False
2023-06-02,331028.86799999996,False
2023-06-05,331019.65299999993,True
2023-06-06,330337.74299999996,True
2023-06-07,327775.97299999994,True
2023-06-08,332844.22299999994,True
2023-06-09,333562.99299999996,True
2023-06-12,338778.6829999999,True
2023-06-13,337894.04299999995,True
2023-06-14,339073.5629999999,True
2023-06-15,342870.1429999999,True
2023-06-16,340861.2729999999,True
2023-06-20,341027.1429999999,True
2023-06-21,339091.99299999996,True
2023-06-22,344694.71299999993,True
2023-06-23,344104.9529999999,True
2023-06-26,341506.323,True
2023-06-27,346648.29299999995,True
2023-06-28,348841.46299999993,True
2023-06-29,349468.0829999999,True
2023-06-30,357531.2079999999,False
2023-07-03,357521.92299999995,True
2023-07-05,355423.5129999999,True
2023-07-06,356314.8729999999,True
2023-07-07,354216.46299999993,True
2023-07-10,350372.47299999994,True
2023-07-11,349388.2629999999,True
2023-07-12,352526.59299999994,True
2023-07-13,353956.4829999999,True
2023-07-14,354235.03299999994,True
2023-07-17,360363.1329999999,True
2023-07-18,359880.3129999999,True
2023-07-19,362424.40299999993,True
2023-07-20,358766.1129999999,True
2023-07-21,356556.28299999994,True
2023-07-24,358060.4529999999,True
2023-07-25,359676.04299999995,True
2023-07-26,361310.2029999999,True
2023-07-27,358933.2429999999,True
2023-07-28,363780.0129999999,True
2023-07-31,364931.3529999999,True
2023-08-01,363371.47299999994,True
2023-08-02,357744.7629999999,True
2023-08-03,355126.3929999999,True
2023-08-04,338079.1329999999,True
2023-08-07,332248.15299999993,True
2023-08-08,334012.30299999996,True
2023-08-09,331022.53299999994,True
2023-08-10,330613.9929999999,True
2023-08-11,330279.7329999999,True
2023-08-14,333380.92299999995,True
2023-08-15,329648.3529999999,True
2023-08-16,328014.1929999999,True
2023-08-17,323241.7029999999,True
2023-08-18,321772.81599999993,False
2023-08-21,321772.81599999993,False
2023-08-22,321772.81599999993,False
2023-08-23,321772.81599999993,False
2023-08-24,321772.81599999993,False
2023-08-25,321772.81599999993,False
2023-08-28,321772.81599999993,False
2023-08-29,321764.08099999995,True
2023-08-30,327930.9909999999,True
2023-08-31,328306.59599999996,False
2023-09-01,328306.59599999996,False
2023-09-05,328297.94599999994,True
2023-09-06,316551.2459999999,True
2023-09-07,307295.7459999999,True
2023-09-08,308368.34599999996,True
2023-09-11,310409.746,True
2023-09-12,305115.94599999994,True
2023-09-13,301500.2459999999,True
2023-09-14,304147.14599999995,True
2023-09-15,302884.2459999999,True
2023-09-18,308005.0459999999,True
2023-09-19,309908.0459999999,True
2023-09-20,303714.64599999995,True
2023-09-21,301015.84599999996,True
2023-09-22,302503.64599999995,True
2023-09-25,304735.34599999996,True
2023-09-26,297607.7459999999,True
2023-09-27,295471.1959999999,False
2023-09-28,295471.1959999999,False
2023-09-29,295471.1959999999,False
2023-10-02,295471.1959999999,False
2023-10-03,295471.1959999999,False
2023-10-04,295471.1959999999,False
2023-10-05,295462.7509999999,True
2023-10-06,299820.3709999999,True
2023-10-09,302353.8709999999,True
2023-10-10,301340.47099999984,True
2023-10-11,303721.9609999999,True
2023-10-12,305258.9509999999,True
2023-10-13,302117.41099999985,True
2023-10-16,301897.8409999999,True
2023-10-17,299246.1109999999,True
2023-10-18,297033.5209999999,True
2023-10-19,296391.7009999999,True
2023-10-20,292034.0809999999,True
2023-10-23,292236.7609999999,True
2023-10-24,292979.92099999986,True
2023-10-25,289027.66099999985,True
2023-10-26,281916.97099999984,True
2023-10-27,284163.3409999999,True
2023-10-30,287659.5709999999,True
2023-10-31,288470.2909999999,True
2023-11-01,293875.0909999999,True
2023-11-02,299955.49099999986,True
2023-11-03,298401.6109999999,True
2023-11-06,302759.23099999985,True
2023-11-07,307133.74099999986,True
2023-11-08,308940.97099999984,True
2023-11-09,308130.2509999999,True
2023-11-10,314860.9159999999,False
2023-11-13,314852.4009999999,True
2023-11-14,319348.3209999999,True
2023-11-15,320319.03099999984,True
2023-11-16,323214.1309999999,True
2023-11-17,323180.0709999999,True
2023-11-20,326177.35099999985,True
2023-11-21,324797.92099999986,True
2023-11-22,325938.93099999987,True
2023-11-24,323656.91099999985,True
2023-11-27,323350.37099999987,True
2023-11-28,324389.2009999999,True
2023-11-29,322635.11099999986,True
2023-11-30,323622.85099999985,True
2023-12-01,325819.7209999999,True
2023-12-04,322737.2909999999,True
2023-12-05,329532.2609999998,True
2023-12-06,327658.96099999984,True
2023-12-07,330979.81099999987,True
2023-12-08,333432.1309999999,True
2023-12-11,329123.5409999999,True
2023-12-12,331729.1309999999,True
2023-12-13,337263.8809999999,True
2023-12-14,337519.3309999999,True
2023-12-15,336599.71099999984,True
2023-12-18,333738.67099999986,True
2023-12-19,335526.8209999999,True
2023-12-20,331933.4909999999,True
2023-12-21,331678.0409999999,True
2023-12-22,329838.80099999986,True
2023-12-26,328902.1509999999,True
2023-12-27,329072.4509999999,True
2023-12-28,329804.7409999999,True
2023-12-29,328016.5909999999,True
2024-01-02,316282.92099999986,True
2024-01-03,313915.7509999999,True
2024-01-04,309930.73099999985,True
2024-01-05,308687.5409999999,True
2024-01-08,316146.68099999987,True
2024-01-09,315431.42099999986,True
2024-01-10,317219.5709999999,True
2024-01-11,316197.7709999999,True
2024-01-12,316759.7609999998,True
2024-01-16,312859.8909999999,True
2024-01-17,311242.0409999999,True
2024-01-18,321374.8909999999,True
2024-01-19,326364.68099999987,True
2024-01-22,330332.67099999986,True
2024-01-23,332529.5409999999,True
2024-01-24,331371.5009999999,True
2024-01-25,330809.5109999998,True
2024-01-26,327829.2609999998,True
2024-01-29,326654.1909999999,True
2024-01-30,320370.12099999987,True
