date,equity,ret
2018-10-01,100000.0,0.0
2018-10-02,100000.0,0.0
2018-10-03,100000.0,0.0
2018-10-04,100000.0,0.0
2018-10-05,100000.0,0.0
2018-10-08,100000.0,0.0
2018-10-09,100000.0,0.0
2018-10-10,100000.0,0.0
2018-10-11,100000.0,0.0
2018-10-12,100000.0,0.0
2018-10-15,100000.0,0.0
2018-10-16,100000.0,0.0
2018-10-17,100000.0,0.0
2018-10-18,100000.0,0.0
2018-10-19,100000.0,0.0
2018-10-22,100000.0,0.0
2018-10-23,100000.0,0.0
2018-10-24,100000.0,0.0
2018-10-25,100000.0,0.0
2018-10-26,100000.0,0.0
2018-10-29,100000.0,0.0
2018-10-30,100000.0,0.0
2018-10-31,100000.0,0.0
2018-11-01,100000.0,0.0
2018-11-02,100000.0,0.0
2018-11-05,100000.0,0.0
2018-11-06,100000.0,0.0
2018-11-07,100000.0,0.0
2018-11-08,100000.0,0.0
2018-11-09,100000.0,0.0
2018-11-12,100000.0,0.0
2018-11-13,100000.0,0.0
2018-11-14,100000.0,0.0
2018-11-15,100000.0,0.0
2018-11-16,100000.0,0.0
2018-11-19,100000.0,0.0
2018-11-20,100000.0,0.0
2018-11-21,100000.0,0.0
2018-11-23,100000.0,0.0
2018-11-26,100000.0,0.0
2018-11-27,100000.0,0.0
2018-11-28,100000.0,0.0
2018-11-29,100000.0,0.0
2018-11-30,100000.0,0.0
2018-12-03,100000.0,0.0
2018-12-04,100000.0,0.0
2018-12-06,100000.0,0.0
2018-12-07,100000.0,0.0
2018-12-10,100000.0,0.0
2018-12-11,100000.0,0.0
2018-12-12,100000.0,0.0
2018-12-13,100000.0,0.0
2018-12-14,100000.0,0.0
2018-12-17,100000.0,0.0
2018-12-18,100000.0,0.0
2018-12-19,100000.0,0.0
2018-12-20,100000.0,0.0
2018-12-21,100000.0,0.0
2018-12-24,100000.0,0.0
2018-12-26,100000.0,0.0
2018-12-27,100000.0,0.0
2018-12-28,100000.0,0.0
2018-12-31,100000.0,0.0
2019-01-02,100000.0,0.0
2019-01-03,100000.0,0.0
2019-01-04,100000.0,0.0
2019-01-07,100000.0,0.0
2019-01-08,100000.0,0.0
2019-01-09,100000.0,0.0
2019-01-10,100000.0,0.0
2019-01-11,100000.0,0.0
2019-01-14,100000.0,0.0
2019-01-15,100000.0,0.0
2019-01-16,100000.0,0.0
2019-01-17,100000.0,0.0
2019-01-18,100000.0,0.0
2019-01-22,100000.0,0.0
2019-01-23,100000.0,0.0
2019-01-24,100000.0,0.0
2019-01-25,100000.0,0.0
2019-01-28,100000.0,0.0
2019-01-29,100000.0,0.0
2019-01-30,100000.0,0.0
2019-01-31,100000.0,0.0
2019-02-01,100000.0,0.0
2019-02-04,100000.0,0.0
2019-02-05,100000.0,0.0
2019-02-06,100000.0,0.0
2019-02-07,100000.0,0.0
2019-02-08,100000.0,0.0
2019-02-11,100000.0,0.0
2019-02-12,100000.0,0.0
2019-02-13,100000.0,0.0
2019-02-14,100000.0,0.0
2019-02-15,100000.0,0.0
2019-02-19,100000.0,0.0
2019-02-20,100000.0,0.0
2019-02-21,100000.0,0.0
2019-02-22,100000.0,0.0
2019-02-25,100000.0,0.0
2019-02-26,100000.0,0.0
2019-02-27,100000.0,0.0
2019-02-28,100000.0,0.0
2019-03-01,100000.0,0.0
2019-03-04,100000.0,0.0
2019-03-05,100000.0,0.0
2019-03-06,100000.0,0.0
2019-03-07,100000.0,0.0
2019-03-08,100000.0,0.0
2019-03-11,100000.0,0.0
2019-03-12,100000.0,0.0
2019-03-13,100000.0,0.0
2019-03-14,100000.0,0.0
2019-03-15,100000.0,0.0
2019-03-18,100000.0,0.0
2019-03-19,100000.0,0.0
2019-03-20,100000.0,0.0
2019-03-21,100000.0,0.0
2019-03-22,100000.0,0.0
2019-03-25,100000.0,0.0
2019-03-26,100000.0,0.0
2019-03-27,100000.0,0.0
2019-03-28,100000.0,0.0
2019-03-29,100000.0,0.0
2019-04-01,100000.0,0.0
2019-04-02,100000.0,0.0
2019-04-03,100000.0,0.0
2019-04-04,100000.0,0.0
2019-04-05,100000.0,0.0
2019-04-08,100000.0,0.0
2019-04-09,100000.0,0.0
2019-04-10,100000.0,0.0
2019-04-11,100000.0,0.0
2019-04-12,100000.0,0.0
2019-04-15,100000.0,0.0
2019-04-16,100000.0,0.0
2019-04-17,100000.0,0.0
2019-04-18,100000.0,0.0
2019-04-22,100000.0,0.0
2019-04-23,100000.0,0.0
2019-04-24,100000.0,0.0
2019-04-25,100000.0,0.0
2019-04-26,100000.0,0.0
2019-04-29,100000.0,0.0
2019-04-30,100000.0,0.0
2019-05-01,100000.0,0.0
2019-05-02,100000.0,0.0
2019-05-03,100000.0,0.0
2019-05-06,100000.0,0.0
2019-05-07,100000.0,0.0
2019-05-08,100000.0,0.0
2019-05-09,100000.0,0.0
2019-05-10,100000.0,0.0
2019-05-13,100000.0,0.0
2019-05-14,100000.0,0.0
2019-05-15,100000.0,0.0
2019-05-16,100000.0,0.0
2019-05-17,100000.0,0.0
2019-05-20,100000.0,0.0
2019-05-21,100000.0,0.0
2019-05-22,100000.0,0.0
2019-05-23,100000.0,0.0
2019-05-24,100000.0,0.0
2019-05-28,100000.0,0.0
2019-05-29,100000.0,0.0
2019-05-30,100000.0,0.0
2019-05-31,100000.0,0.0
2019-06-03,100000.0,0.0
2019-06-04,100000.0,0.0
2019-06-05,100000.0,0.0
2019-06-06,100000.0,0.0
2019-06-07,100000.0,0.0
2019-06-10,100000.0,0.0
2019-06-11,100000.0,0.0
2019-06-12,100000.0,0.0
2019-06-13,100000.0,0.0
2019-06-14,100000.0,0.0
2019-06-17,100000.0,0.0
2019-06-18,100000.0,0.0
2019-06-19,100000.0,0.0
2019-06-20,100000.0,0.0
2019-06-21,100000.0,0.0
2019-06-24,100000.0,0.0
2019-06-25,100000.0,0.0
2019-06-26,100000.0,0.0
2019-06-27,100000.0,0.0
2019-06-28,100000.0,0.0
2019-07-01,100000.0,0.0
2019-07-02,100000.0,0.0
2019-07-03,100000.0,0.0
2019-07-05,100000.0,0.0
2019-07-08,100000.0,0.0
2019-07-09,100000.0,0.0
2019-07-10,100000.0,0.0
2019-07-11,100000.0,0.0
2019-07-12,100000.0,0.0
2019-07-15,100000.0,0.0
2019-07-16,100000.0,0.0
2019-07-17,100000.0,0.0
2019-07-18,100000.0,0.0
2019-07-19,100000.0,0.0
2019-07-22,100000.0,0.0
2019-07-23,100000.0,0.0
2019-07-24,100000.0,0.0
2019-07-25,100000.0,0.0
2019-07-26,100000.0,0.0
2019-07-29,100000.0,0.0
2019-07-30,100000.0,0.0
2019-07-31,100000.0,0.0
2019-08-01,100000.0,0.0
2019-08-02,100000.0,0.0
2019-08-05,100000.0,0.0
2019-08-06,100000.0,0.0
2019-08-07,100000.0,0.0
2019-08-08,100000.0,0.0
2019-08-09,100000.0,0.0
2019-08-12,100000.0,0.0
2019-08-13,100000.0,0.0
2019-08-14,100000.0,0.0
2019-08-15,100000.0,0.0
2019-08-16,100000.0,0.0
2019-08-19,100000.0,0.0
2019-08-20,100000.0,0.0
2019-08-21,100000.0,0.0
2019-08-22,100000.0,0.0
2019-08-23,100000.0,0.0
2019-08-26,100000.0,0.0
2019-08-27,100000.0,0.0
2019-08-28,100000.0,0.0
2019-08-29,100000.0,0.0
2019-08-30,100000.0,0.0
2019-09-03,100000.0,0.0
2019-09-04,100000.0,0.0
2019-09-05,100000.0,0.0
2019-09-06,100000.0,0.0
2019-09-09,100000.0,0.0
2019-09-10,100000.0,0.0
2019-09-11,100000.0,0.0
2019-09-12,100000.0,0.0
2019-09-13,100000.0,0.0
2019-09-16,100000.0,0.0
2019-09-17,100000.0,0.0
2019-09-18,100000.0,0.0
2019-09-19,100000.0,0.0
2019-09-20,100000.0,0.0
2019-09-23,100000.0,0.0
2019-09-24,100000.0,0.0
2019-09-25,100000.0,0.0
2019-09-26,100000.0,0.0
2019-09-27,100000.0,0.0
2019-09-30,100000.0,0.0
2019-10-01,100000.0,0.0
2019-10-02,100000.0,0.0
2019-10-03,100000.0,0.0
2019-10-04,100000.0,0.0
2019-10-07,100000.0,0.0
2019-10-08,100000.0,0.0
2019-10-09,100000.0,0.0
2019-10-10,100000.0,0.0
2019-10-11,100000.0,0.0
2019-10-14,100000.0,0.0
2019-10-15,100000.0,0.0
2019-10-16,100000.0,0.0
2019-10-17,100000.0,0.0
2019-10-18,100000.0,0.0
2019-10-21,100000.0,0.0
2019-10-22,100000.0,0.0
2019-10-23,100000.0,0.0
2019-10-24,100000.0,0.0
2019-10-25,100000.0,0.0
2019-10-28,100000.0,0.0
2019-10-29,100000.0,0.0
2019-10-30,100000.0,0.0
2019-10-31,100000.0,0.0
2019-11-01,100000.0,0.0
2019-11-04,100000.0,0.0
2019-11-05,100000.0,0.0
2019-11-06,100000.0,0.0
2019-11-07,100000.0,0.0
2019-11-08,100000.0,0.0
2019-11-11,100000.0,0.0
2019-11-12,100000.0,0.0
2019-11-13,100000.0,0.0
2019-11-14,100000.0,0.0
2019-11-15,100000.0,0.0
2019-11-18,100000.0,0.0
2019-11-19,100000.0,0.0
2019-11-20,100000.0,0.0
2019-11-21,100000.0,0.0
2019-11-22,100000.0,0.0
2019-11-25,100000.0,0.0
2019-11-26,100000.0,0.0
2019-11-27,100000.0,0.0
2019-11-29,100000.0,0.0
2019-12-02,100000.0,0.0
2019-12-03,100000.0,0.0
2019-12-04,100000.0,0.0
2019-12-05,100000.0,0.0
2019-12-06,100000.0,0.0
2019-12-09,100000.0,0.0
2019-12-10,100000.0,0.0
2019-12-11,100000.0,0.0
2019-12-12,100000.0,0.0
2019-12-13,100000.0,0.0
2019-12-16,100000.0,0.0
2019-12-17,100000.0,0.0
2019-12-18,100000.0,0.0
2019-12-19,100000.0,0.0
2019-12-20,100000.0,0.0
2019-12-23,100000.0,0.0
2019-12-24,100000.0,0.0
2019-12-26,100000.0,0.0
2019-12-27,100000.0,0.0
2019-12-30,100000.0,0.0
2019-12-31,100000.0,0.0
2020-01-02,100000.0,0.0
2020-01-03,100000.0,0.0
2020-01-06,100000.0,0.0
2020-01-07,100000.0,0.0
2020-01-08,100000.0,0.0
2020-01-09,100000.0,0.0
2020-01-10,100000.0,0.0
2020-01-13,100000.0,0.0
2020-01-14,100000.0,0.0
2020-01-15,100000.0,0.0
2020-01-16,100000.0,0.0
2020-01-17,100000.0,0.0
2020-01-21,100000.0,0.0
2020-01-22,100000.0,0.0
2020-01-23,100000.0,0.0
2020-01-24,100000.0,0.0
2020-01-27,100000.0,0.0
2020-01-28,100000.0,0.0
2020-01-29,100000.0,0.0
2020-01-30,100000.0,0.0
2020-01-31,100000.0,0.0
2020-02-03,100000.0,0.0
2020-02-04,100000.0,0.0
2020-02-05,100000.0,0.0
2020-02-06,100000.0,0.0
2020-02-07,100000.0,0.0
2020-02-10,100000.0,0.0
2020-02-11,100000.0,0.0
2020-02-12,100000.0,0.0
2020-02-13,100000.0,0.0
2020-02-14,100000.0,0.0
2020-02-18,100000.0,0.0
2020-02-19,100000.0,0.0
2020-02-20,100000.0,0.0
2020-02-21,100000.0,0.0
2020-02-24,100000.0,0.0
2020-02-25,100000.0,0.0
2020-02-26,100000.0,0.0
2020-02-27,100000.0,0.0
2020-02-28,100000.0,0.0
2020-03-02,100000.0,0.0
2020-03-03,100000.0,0.0
2020-03-04,100000.0,0.0
2020-03-05,100000.0,0.0
2020-03-06,100000.0,0.0
2020-03-09,100000.0,0.0
2020-03-10,100000.0,0.0
2020-03-11,100000.0,0.0
2020-03-12,100000.0,0.0
2020-03-13,100000.0,0.0
2020-03-16,100000.0,0.0
2020-03-17,100000.0,0.0
2020-03-18,100000.0,0.0
2020-03-19,100000.0,0.0
2020-03-20,100000.0,0.0
2020-03-23,100000.0,0.0
2020-03-24,100000.0,0.0
2020-03-25,100000.0,0.0
2020-03-26,100000.0,0.0
2020-03-27,100000.0,0.0
2020-03-30,100000.0,0.0
2020-03-31,100000.0,0.0
2020-04-01,100000.0,0.0
2020-04-02,100000.0,0.0
2020-04-03,100000.0,0.0
2020-04-06,100000.0,0.0
2020-04-07,100000.0,0.0
2020-04-08,100000.0,0.0
2020-04-09,100000.0,0.0
2020-04-13,100000.0,0.0
2020-04-14,100000.0,0.0
2020-04-15,100000.0,0.0
2020-04-16,100000.0,0.0
2020-04-17,100000.0,0.0
2020-04-20,100000.0,0.0
2020-04-21,100000.0,0.0
2020-04-22,100000.0,0.0
2020-04-23,100000.0,0.0
2020-04-24,100000.0,0.0
2020-04-27,100000.0,0.0
2020-04-28,100000.0,0.0
2020-04-29,100000.0,0.0
2020-04-30,100000.0,0.0
2020-05-01,100000.0,0.0
2020-05-04,100000.0,0.0
2020-05-05,100000.0,0.0
2020-05-06,100000.0,0.0
2020-05-07,100000.0,0.0
2020-05-08,100000.0,0.0
2020-05-11,100000.0,0.0
2020-05-12,100000.0,0.0
2020-05-13,100000.0,0.0
2020-05-14,100000.0,0.0
2020-05-15,100000.0,0.0
2020-05-18,100000.0,0.0
2020-05-19,100000.0,0.0
2020-05-20,100000.0,0.0
2020-05-21,100000.0,0.0
2020-05-22,100000.0,0.0
2020-05-26,100000.0,0.0
2020-05-27,100000.0,0.0
2020-05-28,100000.0,0.0
2020-05-29,100000.0,0.0
2020-06-01,100000.0,0.0
2020-06-02,100000.0,0.0
2020-06-03,100000.0,0.0
2020-06-04,100000.0,0.0
2020-06-05,100000.0,0.0
2020-06-08,100000.0,0.0
2020-06-09,100000.0,0.0
2020-06-10,100000.0,0.0
2020-06-11,100000.0,0.0
2020-06-12,100000.0,0.0
2020-06-15,100000.0,0.0
2020-06-16,100000.0,0.0
2020-06-17,100000.0,0.0
2020-06-18,100000.0,0.0
2020-06-19,100000.0,0.0
2020-06-22,100000.0,0.0
2020-06-23,100000.0,0.0
2020-06-24,100000.0,0.0
2020-06-25,100000.0,0.0
2020-06-26,100000.0,0.0
2020-06-29,100000.0,0.0
2020-06-30,100000.0,0.0
2020-07-01,100000.0,0.0
2020-07-02,100000.0,0.0
2020-07-06,100000.0,0.0
2020-07-07,100000.0,0.0
2020-07-08,100000.0,0.0
2020-07-09,100000.0,0.0
2020-07-10,100000.0,0.0
2020-07-13,100000.0,0.0
2020-07-14,100000.0,0.0
2020-07-15,100000.0,0.0
2020-07-16,100000.0,0.0
2020-07-17,100000.0,0.0
2020-07-20,100000.0,0.0
2020-07-21,100000.0,0.0
2020-07-22,100000.0,0.0
2020-07-23,100000.0,0.0
2020-07-24,100000.0,0.0
2020-07-27,100000.0,0.0
2020-07-28,100000.0,0.0
2020-07-29,100000.0,0.0
2020-07-30,100000.0,0.0
2020-07-31,100000.0,0.0
2020-08-03,100000.0,0.0
2020-08-04,100000.0,0.0
2020-08-05,100000.0,0.0
2020-08-06,100000.0,0.0
2020-08-07,100000.0,0.0
2020-08-10,100000.0,0.0
2020-08-11,100000.0,0.0
2020-08-12,100000.0,0.0
2020-08-13,100000.0,0.0
2020-08-14,100000.0,0.0
2020-08-17,100000.0,0.0
2020-08-18,100000.0,0.0
2020-08-19,100000.0,0.0
2020-08-20,100000.0,0.0
2020-08-21,100000.0,0.0
2020-08-24,100000.0,0.0
2020-08-25,100000.0,0.0
2020-08-26,100000.0,0.0
2020-08-27,100000.0,0.0
2020-08-28,100000.0,0.0
2020-08-31,100000.0,0.0
2020-09-01,100000.0,0.0
2020-09-02,100000.0,0.0
2020-09-03,100000.0,0.0
2020-09-04,100000.0,0.0
2020-09-08,100000.0,0.0
2020-09-09,100000.0,0.0
2020-09-10,100000.0,0.0
2020-09-11,100000.0,0.0
2020-09-14,100000.0,0.0
2020-09-15,100000.0,0.0
2020-09-16,100000.0,0.0
2020-09-17,100000.0,0.0
2020-09-18,100000.0,0.0
2020-09-21,100000.0,0.0
2020-09-22,100000.0,0.0
2020-09-23,100000.0,0.0
2020-09-24,100000.0,0.0
2020-09-25,100000.0,0.0
2020-09-28,100000.0,0.0
2020-09-29,100000.0,0.0
2020-09-30,100000.0,0.0
2020-10-01,100000.0,0.0
2020-10-02,100000.0,0.0
2020-10-05,100000.0,0.0
2020-10-06,100000.0,0.0
2020-10-07,100000.0,0.0
2020-10-08,100000.0,0.0
2020-10-09,100000.0,0.0
2020-10-12,100000.0,0.0
2020-10-13,100000.0,0.0
2020-10-14,100000.0,0.0
2020-10-15,100000.0,0.0
2020-10-16,100000.0,0.0
2020-10-19,100000.0,0.0
2020-10-20,100000.0,0.0
2020-10-21,100000.0,0.0
2020-10-22,100000.0,0.0
2020-10-23,100000.0,0.0
2020-10-26,100000.0,0.0
2020-10-27,100000.0,0.0
2020-10-28,100000.0,0.0
2020-10-29,100000.0,0.0
2020-10-30,100000.0,0.0
2020-11-02,100000.0,0.0
2020-11-03,100000.0,0.0
2020-11-04,100000.0,0.0
2020-11-05,100000.0,0.0
2020-11-06,100000.0,0.0
2020-11-09,100000.0,0.0
2020-11-10,100000.0,0.0
2020-11-11,100000.0,0.0
2020-11-12,100000.0,0.0
2020-11-13,100000.0,0.0
2020-11-16,100000.0,0.0
2020-11-17,100000.0,0.0
2020-11-18,100000.0,0.0
2020-11-19,100000.0,0.0
2020-11-20,100000.0,0.0
2020-11-23,100000.0,0.0
2020-11-24,100000.0,0.0
2020-11-25,100000.0,0.0
2020-11-27,100000.0,0.0
2020-11-30,100000.0,0.0
2020-12-01,100000.0,0.0
2020-12-02,100000.0,0.0
2020-12-03,100000.0,0.0
2020-12-04,100000.0,0.0
2020-12-07,100000.0,0.0
2020-12-08,100000.0,0.0
2020-12-09,100000.0,0.0
2020-12-10,100000.0,0.0
2020-12-11,100000.0,0.0
2020-12-14,100000.0,0.0
2020-12-15,100000.0,0.0
2020-12-16,100000.0,0.0
2020-12-17,100000.0,0.0
2020-12-18,100000.0,0.0
2020-12-21,100000.0,0.0
2020-12-22,100000.0,0.0
2020-12-23,100000.0,0.0
2020-12-24,100000.0,0.0
2020-12-28,100000.0,0.0
2020-12-29,100000.0,0.0
2020-12-30,100000.0,0.0
2020-12-31,100000.0,0.0
2021-01-04,100000.0,0.0
2021-01-05,100000.0,0.0
2021-01-06,100000.0,0.0
2021-01-07,100000.0,0.0
2021-01-08,100000.0,0.0
2021-01-11,100000.0,0.0
2021-01-12,100000.0,0.0
2021-01-13,100000.0,0.0
2021-01-14,100000.0,0.0
2021-01-15,100000.0,0.0
2021-01-19,100000.0,0.0
2021-01-20,100000.0,0.0
2021-01-21,100000.0,0.0
2021-01-22,100000.0,0.0
2021-01-25,100000.0,0.0
2021-01-26,100000.0,0.0
2021-01-27,100000.0,0.0
2021-01-28,100000.0,0.0
2021-01-29,100000.0,0.0
2021-02-01,100000.0,0.0
2021-02-02,100000.0,0.0
2021-02-03,100000.0,0.0
2021-02-04,100000.0,0.0
2021-02-05,100000.0,0.0
2021-02-08,100000.0,0.0
2021-02-09,100000.0,0.0
2021-02-10,100000.0,0.0
2021-02-11,100000.0,0.0
2021-02-12,100000.0,0.0
2021-02-16,100000.0,0.0
2021-02-17,100000.0,0.0
2021-02-18,100000.0,0.0
2021-02-19,100000.0,0.0
2021-02-22,100000.0,0.0
2021-02-23,100000.0,0.0
2021-02-24,100000.0,0.0
2021-02-25,100000.0,0.0
2021-02-26,100000.0,0.0
2021-03-01,100000.0,0.0
2021-03-02,100000.0,0.0
2021-03-03,100000.0,0.0
2021-03-04,100000.0,0.0
2021-03-05,100000.0,0.0
2021-03-08,100000.0,0.0
2021-03-09,100000.0,0.0
2021-03-10,100000.0,0.0
2021-03-11,100000.0,0.0
2021-03-12,100000.0,0.0
2021-03-15,100000.0,0.0
2021-03-16,100000.0,0.0
2021-03-17,100000.0,0.0
2021-03-18,100000.0,0.0
2021-03-19,100000.0,0.0
2021-03-22,100000.0,0.0
2021-03-23,100000.0,0.0
2021-03-24,100000.0,0.0
2021-03-25,100000.0,0.0
2021-03-26,100000.0,0.0
2021-03-29,100000.0,0.0
2021-03-30,100000.0,0.0
2021-03-31,100000.0,0.0
2021-04-01,100000.0,0.0
2021-04-05,100000.0,0.0
2021-04-06,100000.0,0.0
2021-04-07,100000.0,0.0
2021-04-08,100000.0,0.0
2021-04-09,100000.0,0.0
2021-04-12,100000.0,0.0
2021-04-13,100000.0,0.0
2021-04-14,100000.0,0.0
2021-04-15,100000.0,0.0
2021-04-16,100000.0,0.0
2021-04-19,100000.0,0.0
2021-04-20,100000.0,0.0
2021-04-21,100000.0,0.0
2021-04-22,100000.0,0.0
2021-04-23,100000.0,0.0
2021-04-26,100000.0,0.0
2021-04-27,100000.0,0.0
2021-04-28,100000.0,0.0
2021-04-29,100000.0,0.0
2021-04-30,100000.0,0.0
2021-05-03,100000.0,0.0
2021-05-04,100000.0,0.0
2021-05-05,100000.0,0.0
2021-05-06,100000.0,0.0
2021-05-07,100000.0,0.0
2021-05-10,100000.0,0.0
2021-05-11,100000.0,0.0
2021-05-12,100000.0,0.0
2021-05-13,100000.0,0.0
2021-05-14,100000.0,0.0
2021-05-17,100000.0,0.0
2021-05-18,100000.0,0.0
2021-05-19,100000.0,0.0
2021-05-20,100000.0,0.0
2021-05-21,100000.0,0.0
2021-05-24,100000.0,0.0
2021-05-25,100000.0,0.0
2021-05-26,100000.0,0.0
2021-05-27,100000.0,0.0
2021-05-28,100000.0,0.0
2021-06-01,100000.0,0.0
2021-06-02,100000.0,0.0
2021-06-03,100000.0,0.0
2021-06-04,100000.0,0.0
2021-06-07,100000.0,0.0
2021-06-08,100000.0,0.0
2021-06-09,100000.0,0.0
2021-06-10,100000.0,0.0
2021-06-11,100000.0,0.0
2021-06-14,100000.0,0.0
2021-06-15,100000.0,0.0
2021-06-16,100000.0,0.0
2021-06-17,100000.0,0.0
2021-06-18,100000.0,0.0
2021-06-21,100000.0,0.0
2021-06-22,100000.0,0.0
2021-06-23,100000.0,0.0
2021-06-24,100000.0,0.0
2021-06-25,100000.0,0.0
2021-06-28,100000.0,0.0
2021-06-29,100000.0,0.0
2021-06-30,100000.0,0.0
2021-07-01,100000.0,0.0
2021-07-02,100000.0,0.0
2021-07-06,100000.0,0.0
2021-07-07,100000.0,0.0
2021-07-08,100000.0,0.0
2021-07-09,100000.0,0.0
2021-07-12,100000.0,0.0
2021-07-13,100000.0,0.0
2021-07-14,100000.0,0.0
2021-07-15,100000.0,0.0
2021-07-16,100000.0,0.0
2021-07-19,100000.0,0.0
2021-07-20,100000.0,0.0
2021-07-21,100000.0,0.0
2021-07-22,100000.0,0.0
2021-07-23,100000.0,0.0
2021-07-26,100000.0,0.0
2021-07-27,100000.0,0.0
2021-07-28,100000.0,0.0
2021-07-29,100000.0,0.0
2021-07-30,100000.0,0.0
2021-08-02,100000.0,0.0
2021-08-03,100000.0,0.0
2021-08-04,100000.0,0.0
2021-08-05,100000.0,0.0
2021-08-06,100000.0,0.0
2021-08-09,100000.0,0.0
2021-08-10,100000.0,0.0
2021-08-11,100000.0,0.0
2021-08-12,100000.0,0.0
2021-08-13,100000.0,0.0
2021-08-16,100000.0,0.0
2021-08-17,100000.0,0.0
2021-08-18,100000.0,0.0
2021-08-19,100000.0,0.0
2021-08-20,100000.0,0.0
2021-08-23,100000.0,0.0
2021-08-24,100000.0,0.0
2021-08-25,100000.0,0.0
2021-08-26,100000.0,0.0
2021-08-27,100000.0,0.0
2021-08-30,100000.0,0.0
2021-08-31,100000.0,0.0
2021-09-01,100000.0,0.0
2021-09-02,100000.0,0.0
2021-09-03,100000.0,0.0
2021-09-07,100000.0,0.0
2021-09-08,100000.0,0.0
2021-09-09,100000.0,0.0
2021-09-10,100000.0,0.0
2021-09-13,100000.0,0.0
2021-09-14,100000.0,0.0
2021-09-15,100000.0,0.0
2021-09-16,100000.0,0.0
2021-09-17,100000.0,0.0
2021-09-20,100000.0,0.0
2021-09-21,100000.0,0.0
2021-09-22,100000.0,0.0
2021-09-23,100000.0,0.0
2021-09-24,100000.0,0.0
2021-09-27,100000.0,0.0
2021-09-28,100000.0,0.0
2021-09-29,100000.0,0.0
2021-09-30,100000.0,0.0
2021-10-01,100000.0,0.0
2021-10-04,100000.0,0.0
2021-10-05,100000.0,0.0
2021-10-06,100000.0,0.0
2021-10-07,100000.0,0.0
2021-10-08,100000.0,0.0
2021-10-11,100000.0,0.0
2021-10-12,100000.0,0.0
2021-10-13,100000.0,0.0
2021-10-14,100000.0,0.0
2021-10-15,100000.0,0.0
2021-10-18,100000.0,0.0
2021-10-19,100000.0,0.0
2021-10-20,100000.0,0.0
2021-10-21,100000.0,0.0
2021-10-22,100000.0,0.0
2021-10-25,100000.0,0.0
2021-10-26,100000.0,0.0
2021-10-27,100000.0,0.0
2021-10-28,100000.0,0.0
2021-10-29,100000.0,0.0
2021-11-01,100000.0,0.0
2021-11-02,100000.0,0.0
2021-11-03,100000.0,0.0
2021-11-04,100000.0,0.0
2021-11-05,100000.0,0.0
2021-11-08,100000.0,0.0
2021-11-09,100000.0,0.0
2021-11-10,100000.0,0.0
2021-11-11,100000.0,0.0
2021-11-12,100000.0,0.0
2021-11-15,100000.0,0.0
2021-11-16,100000.0,0.0
2021-11-17,100000.0,0.0
2021-11-18,100000.0,0.0
2021-11-19,100000.0,0.0
2021-11-22,100000.0,0.0
2021-11-23,100000.0,0.0
2021-11-24,100000.0,0.0
2021-11-26,100000.0,0.0
2021-11-29,100000.0,0.0
2021-11-30,100000.0,0.0
2021-12-01,100000.0,0.0
2021-12-02,100000.0,0.0
2021-12-03,100000.0,0.0
2021-12-06,100000.0,0.0
2021-12-07,100000.0,0.0
2021-12-08,100000.0,0.0
2021-12-09,100000.0,0.0
2021-12-10,100000.0,0.0
2021-12-13,100000.0,0.0
2021-12-14,100000.0,0.0
2021-12-15,100000.0,0.0
2021-12-16,100000.0,0.0
2021-12-17,100000.0,0.0
2021-12-20,99882.10984,-0.001178901600000004
2021-12-21,104782.18984,0.049058635303653286
2021-12-22,105935.14984000001,0.011003396681826816
2021-12-23,106799.86984000001,0.00816272975783816
2021-12-27,111519.79984,0.04419415498418733
2021-12-28,109249.90984000002,-0.020354143418986115
2021-12-29,108096.94984000002,-0.01055341832033141
2021-12-30,106619.71984000002,-0.013665788000369328
2021-12-31,105971.17984000001,-0.006082739674923565
2022-01-03,108529.30984000002,0.024139865233758773
2022-01-04,105538.81984000001,-0.02755467628430286
2022-01-05,99449.74984000002,-0.05769507380536565
2022-01-06,101539.48984000001,0.021013024199277197
2022-01-07,98188.69984000002,-0.0329998703487675
2022-01-10,98729.14984000001,0.005504197538827471
2022-01-11,100242.40984000002,0.015327388136658682
2022-01-12,100890.94984000002,0.006469716769929468
2022-01-13,95774.68984,-0.05071079227734232
2022-01-14,97071.76984000002,0.013543035244143242
2022-01-18,93324.64984000001,-0.038601541994920385
2022-01-19,90334.15984000002,-0.03204394557201151
2022-01-20,87019.39984000001,-0.03669442441122073
2022-01-21,84209.05984000002,-0.03229555714205434
2022-01-24,84209.05984000002,0.0
2022-01-25,80425.90984000002,-0.04492568860391155
2022-01-26,82047.25984000001,0.020159548126039484
2022-01-27,79056.76984000002,-0.0364483836002778
2022-01-28,82199.16232000002,0.03974855646593922
2022-01-31,82199.16232000002,0.0
2022-02-01,82199.16232000002,0.0
2022-02-02,82199.16232000002,0.0
2022-02-03,82199.16232000002,0.0
2022-02-04,82199.16232000002,0.0
2022-02-07,82199.16232000002,0.0
2022-02-08,82199.16232000002,0.0
2022-02-09,82199.16232000002,0.0
2022-02-10,82199.16232000002,0.0
2022-02-11,82199.16232000002,0.0
2022-02-14,82199.16232000002,0.0
2022-02-15,82199.16232000002,0.0
2022-02-16,82199.16232000002,0.0
2022-02-17,82199.16232000002,0.0
2022-02-18,82199.16232000002,0.0
2022-02-22,82199.16232000002,0.0
2022-02-23,82199.16232000002,0.0
2022-02-24,82199.16232000002,0.0
2022-02-25,82199.16232000002,0.0
2022-02-28,82199.16232000002,0.0
2022-03-01,82199.16232000002,0.0
2022-03-02,82199.16232000002,0.0
2022-03-03,82199.16232000002,0.0
2022-03-04,82199.16232000002,0.0
2022-03-07,82199.16232000002,0.0
2022-03-08,82199.16232000002,0.0
2022-03-09,82199.16232000002,0.0
2022-03-10,82199.16232000002,0.0
2022-03-11,82199.16232000002,0.0
2022-03-14,82199.16232000002,0.0
2022-03-15,82199.16232000002,0.0
2022-03-16,82199.16232000002,0.0
2022-03-17,82199.16232000002,0.0
2022-03-18,82199.16232000002,0.0
2022-03-21,82199.16232000002,0.0
2022-03-22,82199.16232000002,0.0
2022-03-23,82199.16232000002,0.0
2022-03-24,82199.16232000002,0.0
2022-03-25,82199.16232000002,0.0
2022-03-28,82199.16232000002,0.0
2022-03-29,82199.16232000002,0.0
2022-03-30,82199.16232000002,0.0
2022-03-31,82199.16232000002,0.0
2022-04-01,82199.16232000002,0.0
2022-04-04,82199.16232000002,0.0
2022-04-05,82199.16232000002,0.0
2022-04-06,82199.16232000002,0.0
2022-04-07,82100.11121000003,-0.0012050136181970261
2022-04-08,78403.92121000003,-0.045020523669519696
2022-04-11,74334.72121000003,-0.051900465400204876
2022-04-12,72910.50121000003,-0.01915955258615276
2022-04-13,75284.20121000003,0.03255635279701563
2022-04-14,72096.66121000003,-0.04234009192856514
2022-04-18,73769.17023000003,0.02319814804084186
2022-04-19,73769.17023000003,0.0
2022-04-20,73678.34383000006,-0.0012312243680767665
2022-04-21,69219.34383000004,-0.06051981855466759
2022-04-22,66871.44023000005,-0.03391976101025096
2022-04-25,66871.44023000005,0.0
2022-04-26,66871.44023000005,0.0
2022-04-27,66871.44023000005,0.0
2022-04-28,66871.44023000005,0.0
2022-04-29,66871.44023000005,0.0
2022-05-02,66871.44023000005,0.0
2022-05-03,66871.44023000005,0.0
2022-05-04,66871.44023000005,0.0
2022-05-05,66871.44023000005,0.0
2022-05-06,66871.44023000005,0.0
2022-05-09,66871.44023000005,0.0
2022-05-10,66871.44023000005,0.0
2022-05-11,66871.44023000005,0.0
2022-05-12,66871.44023000005,0.0
2022-05-13,66871.44023000005,0.0
2022-05-16,66871.44023000005,0.0
2022-05-17,66871.44023000005,0.0
2022-05-18,66871.44023000005,0.0
2022-05-19,66871.44023000005,0.0
2022-05-20,66871.44023000005,0.0
2022-05-23,66871.44023000005,0.0
2022-05-24,66871.44023000005,0.0
2022-05-25,66871.44023000005,0.0
2022-05-26,66871.44023000005,0.0
2022-05-27,66871.44023000005,0.0
2022-05-31,66871.44023000005,0.0
2022-06-01,66871.44023000005,0.0
2022-06-02,66871.44023000005,0.0
2022-06-03,66871.44023000005,0.0
2022-06-06,66871.44023000005,0.0
2022-06-07,66871.44023000005,0.0
2022-06-08,66871.44023000005,0.0
2022-06-09,66871.44023000005,0.0
2022-06-10,66871.44023000005,0.0
2022-06-13,66871.44023000005,0.0
2022-06-14,66871.44023000005,0.0
2022-06-15,66871.44023000005,0.0
2022-06-16,66871.44023000005,0.0
2022-06-17,66871.44023000005,0.0
2022-06-21,66871.44023000005,0.0
2022-06-22,66871.44023000005,0.0
2022-06-23,66871.44023000005,0.0
2022-06-24,66871.44023000005,0.0
2022-06-27,66871.44023000005,0.0
2022-06-28,66871.44023000005,0.0
2022-06-29,66871.44023000005,0.0
2022-06-30,66871.44023000005,0.0
2022-07-01,66871.44023000005,0.0
2022-07-05,66871.44023000005,0.0
2022-07-06,66871.44023000005,0.0
2022-07-07,66871.44023000005,0.0
2022-07-08,66871.44023000005,0.0
2022-07-11,66871.44023000005,0.0
2022-07-12,66871.44023000005,0.0
2022-07-13,66871.44023000005,0.0
2022-07-14,66871.44023000005,0.0
2022-07-15,66871.44023000005,0.0
2022-07-18,66871.44023000005,0.0
2022-07-19,66871.44023000005,0.0
2022-07-20,66871.44023000005,0.0
2022-07-21,66871.44023000005,0.0
2022-07-22,66871.44023000005,0.0
2022-07-25,66871.44023000005,0.0
2022-07-26,66871.44023000005,0.0
2022-07-27,66871.44023000005,0.0
2022-07-28,66871.44023000005,0.0
2022-07-29,66871.44023000005,0.0
2022-08-01,66871.44023000005,0.0
2022-08-02,66871.44023000005,0.0
2022-08-03,66871.44023000005,0.0
2022-08-04,66871.44023000005,0.0
2022-08-05,66871.44023000005,0.0
2022-08-08,66871.44023000005,0.0
2022-08-09,66871.44023000005,0.0
2022-08-10,66871.44023000005,0.0
2022-08-11,66871.44023000005,0.0
2022-08-12,66871.44023000005,0.0
2022-08-15,66871.44023000005,0.0
2022-08-16,66871.44023000005,0.0
2022-08-17,66871.44023000005,0.0
2022-08-18,66871.44023000005,0.0
2022-08-19,66871.44023000005,0.0
2022-08-22,66871.44023000005,0.0
2022-08-23,66871.44023000005,0.0
2022-08-24,66871.44023000005,0.0
2022-08-25,66871.44023000005,0.0
2022-08-26,66871.44023000005,0.0
2022-08-29,66871.44023000005,0.0
2022-08-30,66871.44023000005,0.0
2022-08-31,66871.44023000005,0.0
2022-09-01,66871.44023000005,0.0
2022-09-02,66871.44023000005,0.0
2022-09-06,66871.44023000005,0.0
2022-09-07,66871.44023000005,0.0
2022-09-08,66871.44023000005,0.0
2022-09-09,66871.44023000005,0.0
2022-09-12,66871.44023000005,0.0
2022-09-13,66871.44023000005,0.0
2022-09-14,66871.44023000005,0.0
2022-09-15,66871.44023000005,0.0
2022-09-16,66871.44023000005,0.0
2022-09-19,66871.44023000005,0.0
2022-09-20,66871.44023000005,0.0
2022-09-21,66871.44023000005,0.0
2022-09-22,66871.44023000005,0.0
2022-09-23,66871.44023000005,0.0
2022-09-26,66871.44023000005,0.0
2022-09-27,66871.44023000005,0.0
2022-09-28,66871.44023000005,0.0
2022-09-29,66871.44023000005,0.0
2022-09-30,66871.44023000005,0.0
2022-10-03,66871.44023000005,0.0
2022-10-04,66871.44023000005,0.0
2022-10-05,66871.44023000005,0.0
2022-10-06,66871.44023000005,0.0
2022-10-07,66871.44023000005,0.0
2022-10-10,66871.44023000005,0.0
2022-10-11,66871.44023000005,0.0
2022-10-12,66871.44023000005,0.0
2022-10-13,66871.44023000005,0.0
2022-10-14,66871.44023000005,0.0
2022-10-17,66871.44023000005,0.0
2022-10-18,66871.44023000005,0.0
2022-10-19,66871.44023000005,0.0
2022-10-20,66871.44023000005,0.0
2022-10-21,66871.44023000005,0.0
2022-10-24,66871.44023000005,0.0
2022-10-25,66871.44023000005,0.0
2022-10-26,66871.44023000005,0.0
2022-10-27,66871.44023000005,0.0
2022-10-28,66871.44023000005,0.0
2022-10-31,66871.44023000005,0.0
2022-11-01,66871.44023000005,0.0
2022-11-02,66871.44023000005,0.0
2022-11-03,66871.44023000005,0.0
2022-11-04,66871.44023000005,0.0
2022-11-07,66871.44023000005,0.0
2022-11-08,66871.44023000005,0.0
2022-11-09,66871.44023000005,0.0
2022-11-10,66871.44023000005,0.0
2022-11-11,66871.44023000005,0.0
2022-11-14,66871.44023000005,0.0
2022-11-15,66871.44023000005,0.0
2022-11-16,66871.44023000005,0.0
2022-11-17,66871.44023000005,0.0
2022-11-18,66871.44023000005,0.0
2022-11-21,66871.44023000005,0.0
2022-11-22,66871.44023000005,0.0
2022-11-23,66871.44023000005,0.0
2022-11-25,66871.44023000005,0.0
2022-11-28,66871.44023000005,0.0
2022-11-29,66871.44023000005,0.0
2022-11-30,66871.44023000005,0.0
2022-12-01,66871.44023000005,0.0
2022-12-02,66871.44023000005,0.0
2022-12-05,66871.44023000005,0.0
2022-12-06,66871.44023000005,0.0
2022-12-07,66871.44023000005,0.0
2022-12-08,66871.44023000005,0.0
2022-12-09,66871.44023000005,0.0
2022-12-12,66871.44023000005,0.0
2022-12-13,66871.44023000005,0.0
2022-12-14,66871.44023000005,0.0
2022-12-15,66871.44023000005,0.0
2022-12-16,66871.44023000005,0.0
2022-12-19,66871.44023000005,0.0
2022-12-20,66871.44023000005,0.0
2022-12-21,66871.44023000005,0.0
2022-12-22,66871.44023000005,0.0
2022-12-23,66871.44023000005,0.0
2022-12-27,66871.44023000005,0.0
2022-12-28,66871.44023000005,0.0
2022-12-29,66871.44023000005,0.0
2022-12-30,66871.44023000005,0.0
2023-01-03,66871.44023000005,0.0
2023-01-04,66871.44023000005,0.0
2023-01-05,66871.44023000005,0.0
2023-01-06,66871.44023000005,0.0
2023-01-09,66871.44023000005,0.0
2023-01-10,66871.44023000005,0.0
2023-01-11,66871.44023000005,0.0
2023-01-12,66871.44023000005,0.0
2023-01-13,66871.44023000005,0.0
2023-01-17,66871.44023000005,0.0
2023-01-18,66871.44023000005,0.0
2023-01-19,66871.44023000005,0.0
2023-01-20,66871.44023000005,0.0
2023-01-23,66871.44023000005,0.0
2023-01-24,66871.44023000005,0.0
2023-01-25,66871.44023000005,0.0
2023-01-26,66871.44023000005,0.0
2023-01-27,66871.44023000005,0.0
2023-01-30,66871.44023000005,0.0
2023-01-31,66871.44023000005,0.0
2023-02-01,66871.44023000005,0.0
2023-02-02,66871.44023000005,0.0
2023-02-03,66871.44023000005,0.0
2023-02-06,66871.44023000005,0.0
2023-02-07,66871.44023000005,0.0
2023-02-08,66871.44023000005,0.0
2023-02-09,66871.44023000005,0.0
2023-02-10,66871.44023000005,0.0
2023-02-13,66871.44023000005,0.0
2023-02-14,66871.44023000005,0.0
2023-02-15,66871.44023000005,0.0
2023-02-16,66871.44023000005,0.0
2023-02-17,66871.44023000005,0.0
2023-02-21,66871.44023000005,0.0
2023-02-22,66871.44023000005,0.0
2023-02-23,66871.44023000005,0.0
2023-02-24,66871.44023000005,0.0
2023-02-27,66871.44023000005,0.0
2023-02-28,66871.44023000005,0.0
2023-03-01,66871.44023000005,0.0
2023-03-02,66871.44023000005,0.0
2023-03-03,66871.44023000005,0.0
2023-03-06,66871.44023000005,0.0
2023-03-07,66871.44023000005,0.0
2023-03-08,66871.44023000005,0.0
2023-03-09,66871.44023000005,0.0
2023-03-10,66871.44023000005,0.0
2023-03-13,66871.44023000005,0.0
2023-03-14,66871.44023000005,0.0
2023-03-15,66871.44023000005,0.0
2023-03-16,66871.44023000005,0.0
2023-03-17,66871.44023000005,0.0
2023-03-20,66871.44023000005,0.0
2023-03-21,66871.44023000005,0.0
2023-03-22,66871.44023000005,0.0
2023-03-23,66871.44023000005,0.0
2023-03-24,66871.44023000005,0.0
2023-03-27,66871.44023000005,0.0
2023-03-28,66871.44023000005,0.0
2023-03-29,66871.44023000005,0.0
2023-03-30,66871.44023000005,0.0
2023-03-31,66871.44023000005,0.0
2023-04-03,66871.44023000005,0.0
2023-04-04,66871.44023000005,0.0
2023-04-05,66871.44023000005,0.0
2023-04-06,66871.44023000005,0.0
2023-04-10,66871.44023000005,0.0
2023-04-11,66871.44023000005,0.0
2023-04-12,66871.44023000005,0.0
2023-04-13,66871.44023000005,0.0
2023-04-14,66871.44023000005,0.0
2023-04-17,66871.44023000005,0.0
2023-04-18,66871.44023000005,0.0
2023-04-19,66871.44023000005,0.0
2023-04-20,66871.44023000005,0.0
2023-04-21,66871.44023000005,0.0
2023-04-24,66871.44023000005,0.0
2023-04-25,66871.44023000005,0.0
2023-04-26,66871.44023000005,0.0
2023-04-27,66871.44023000005,0.0
2023-04-28,66871.44023000005,0.0
2023-05-01,66871.44023000005,0.0
2023-05-02,66871.44023000005,0.0
2023-05-03,66871.44023000005,0.0
2023-05-04,66871.44023000005,0.0
2023-05-05,66871.44023000005,0.0
2023-05-08,66871.44023000005,0.0
2023-05-09,66871.44023000005,0.0
2023-05-10,66871.44023000005,0.0
2023-05-11,66871.44023000005,0.0
2023-05-12,66871.44023000005,0.0
2023-05-15,66871.44023000005,0.0
2023-05-16,66871.44023000005,0.0
2023-05-17,66871.44023000005,0.0
2023-05-18,66871.44023000005,0.0
2023-05-19,66871.44023000005,0.0
2023-05-22,66871.44023000005,0.0
2023-05-23,66871.44023000005,0.0
2023-05-24,66871.44023000005,0.0
2023-05-25,66871.44023000005,0.0
2023-05-26,66871.44023000005,0.0
2023-05-30,66871.44023000005,0.0
2023-05-31,66871.44023000005,0.0
2023-06-01,66871.44023000005,0.0
2023-06-02,66871.44023000005,0.0
2023-06-05,66871.44023000005,0.0
2023-06-06,66871.44023000005,0.0
2023-06-07,66871.44023000005,0.0
2023-06-08,66871.44023000005,0.0
2023-06-09,66871.44023000005,0.0
2023-06-12,66871.44023000005,0.0
2023-06-13,66871.44023000005,0.0
2023-06-14,66871.44023000005,0.0
2023-06-15,66871.44023000005,0.0
2023-06-16,66871.44023000005,0.0
2023-06-20,66871.44023000005,0.0
2023-06-21,66871.44023000005,0.0
2023-06-22,66871.44023000005,0.0
2023-06-23,66871.44023000005,0.0
2023-06-26,66871.44023000005,0.0
2023-06-27,66871.44023000005,0.0
2023-06-28,66871.44023000005,0.0
2023-06-29,66871.44023000005,0.0
2023-06-30,66871.44023000005,0.0
2023-07-03,66871.44023000005,0.0
2023-07-05,66871.44023000005,0.0
2023-07-06,66871.44023000005,0.0
2023-07-07,66871.44023000005,0.0
2023-07-10,66871.44023000005,0.0
2023-07-11,66871.44023000005,0.0
2023-07-12,66871.44023000005,0.0
2023-07-13,66871.44023000005,0.0
2023-07-14,66871.44023000005,0.0
2023-07-17,66871.44023000005,0.0
2023-07-18,66871.44023000005,0.0
2023-07-19,66871.44023000005,0.0
2023-07-20,66871.44023000005,0.0
2023-07-21,66871.44023000005,0.0
2023-07-24,66871.44023000005,0.0
2023-07-25,66871.44023000005,0.0
2023-07-26,66871.44023000005,0.0
2023-07-27,66871.44023000005,0.0
2023-07-28,66871.44023000005,0.0
2023-07-31,66871.44023000005,0.0
2023-08-01,66871.44023000005,0.0
2023-08-02,66871.44023000005,0.0
2023-08-03,66871.44023000005,0.0
2023-08-04,66871.44023000005,0.0
2023-08-07,66871.44023000005,0.0
2023-08-08,66871.44023000005,0.0
2023-08-09,66871.44023000005,0.0
2023-08-10,66796.80098000006,-0.0011161603480241977
2023-08-11,64387.05098000006,-0.03607582945059773
2023-08-14,68938.80098000006,0.07069356230360468
2023-08-15,69238.05098000006,0.004340806566781152
2023-08-16,68529.30098000006,-0.010236423324578081
2023-08-17,68293.05098000006,-0.003447430465822965
2023-08-18,68230.05098000006,-0.0009224950283514
2023-08-21,74010.30098000006,0.08471706992706673
2023-08-22,71962.80098000006,-0.02766506787417744
2023-08-23,74246.55098000006,0.031735146060180464
2023-08-24,74309.55098000006,0.000848524263665329
2023-08-25,72514.05098000006,-0.02416243909861937
2023-08-28,73805.55098000006,0.017810341341379488
2023-08-29,76861.05098000006,0.04139932511076272
2023-08-30,77617.05098000006,0.009835931077714744
2023-08-31,77774.55098000006,0.0020291933023914854
2023-09-01,76435.80098000006,-0.0172132141314999
2023-09-05,76498.80098000006,0.0008242211004825251
2023-09-06,74152.05098000006,-0.030676951402330288
2023-09-07,72860.55098000006,-0.01741691541813639
2023-09-08,71805.30098000006,-0.01448314603453471
2023-09-11,71191.05098000006,-0.008554382359195034
2023-09-12,70702.80098000006,-0.006858305830281464
2023-09-13,71679.30098000006,0.013811334013149379
2023-09-14,71821.05098000006,0.0019775583475563074
2023-09-15,69175.05098000006,-0.03684156614105838
2023-09-18,69285.30098000006,0.001593782706887703
2023-09-19,68576.55098000006,-0.01022944246434876
2023-09-20,66560.55098000006,-0.029397803931375255
2023-09-21,64639.050980000065,-0.02886845093240531
2023-09-22,65568.30098000006,0.014375984577612577
2023-09-25,66529.05098000006,0.014652659679149638
2023-09-26,66040.80098000006,-0.007338899214822336
2023-09-27,66922.80098000006,0.013355380112168858
2023-09-28,67899.30098000006,0.014591439475042822
2023-09-29,68545.05098000006,0.009510407186521741
2023-10-02,70561.05098000006,0.02941131374441941
2023-10-03,68576.55098000006,-0.02812458108882887
2023-10-04,69395.55098000006,0.011942857847121235
2023-10-05,70419.30098000006,0.014752386652208349
2023-10-06,72104.55098000006,0.023931649086926132
2023-10-09,71332.80098000006,-0.010703207904506074
2023-10-10,72167.55098000006,0.011702190135980173
2023-10-11,73758.30098000006,0.022042455070158118
2023-10-12,73978.80098000006,0.002989494023998507
2023-10-13,71632.05098000006,-0.03172192532066631
2023-10-16,72640.05098000006,0.014071913147948756
2023-10-17,69238.05098000006,-0.04683366757185603
2023-10-18,66497.55098000006,-0.03958083685503533
2023-10-19,66340.05098000006,-0.002368508278558612
2023-10-20,65221.80098000006,-0.01685633314235957
2023-10-23,67726.05098000006,0.03839590385993663
2023-10-24,68797.05098000006,0.015813708085774536
2023-10-25,65836.05098000006,-0.04303963553409851
2023-10-26,63552.30098000006,-0.03468844145426897
2023-10-27,63820.05098000006,0.0042130653945049445
2023-10-30,64859.55098000005,0.016287984481957674
2023-10-31,64261.05098000006,-0.009227630949596666
2023-11-01,66702.30098000006,0.03798957475438414
2023-11-02,68560.80098000006,0.027862607026963637
2023-11-03,70923.30098000006,0.03445846556969445
2023-11-06,72088.80098000006,0.01643324526489054
2023-11-07,72419.55098000006,0.004588091291624741
2023-11-08,73380.30098000006,0.01326644513807218
2023-11-09,73978.80098000006,0.008156139890501679
2023-11-10,76168.05098000006,0.029592937044111478
2023-11-13,76609.05098000006,0.005789829125544932
2023-11-14,78247.05098000006,0.02138128561894903
2023-11-15,77034.30098000006,-0.015498986668647463
2023-11-16,77963.55098000006,0.012062808231897204
2023-11-17,77680.05098000006,-0.0036363146167204263
2023-11-20,79428.30098000006,0.022505778226769024
2023-11-21,78688.05098000006,-0.009319725977600779
2023-11-22,76766.55098000006,-0.02441920947423626
2023-11-24,75286.05098000006,-0.019285743349153672
2023-11-27,76010.55098000006,0.0096232966209433
2023-11-28,75349.05098000006,-0.008702739178591878
2023-11-29,75853.05098000006,0.006688869912028217
2023-11-30,73695.30098000006,-0.0284464497093061
2023-12-01,73695.30098000006,0.0
2023-12-04,71710.80098000006,-0.026928446910591597
2023-12-05,73380.30098000006,0.02328101174696995
2023-12-06,71695.05098000006,-0.02296597284957058
2023-12-07,73427.55098000006,0.024164847870507655
2023-12-08,74860.80098000006,0.01951924013358952
2023-12-11,73474.80098000006,-0.01851436241472071
2023-12-12,75097.05098000006,0.022078998219288604
2023-12-13,75774.30098000006,0.009018330162929633
2023-12-14,76183.80098000006,0.005404206897376529
2023-12-15,77034.30098000006,0.011163790583555544
2023-12-18,78908.55098000006,0.024330070840606455
2023-12-19,78152.55098000006,-0.009580710716530771
2023-12-20,75805.80098000006,-0.030027810616195416
2023-12-21,77191.80098000006,0.01828356117977914
2023-12-22,76939.80098000006,-0.003264595420766181
2023-12-26,77648.55098000006,0.00921174724879048
2023-12-27,77869.05098000006,0.0028397181559356444
2023-12-28,78026.55098000006,0.002022626422408136
2023-12-29,78026.55098000006,0.0
2024-01-02,75900.30098000006,-0.027250339445927918
2024-01-03,74955.30098000006,-0.012450543512983026
2024-01-04,75632.55098000006,0.009035384971380678
2024-01-05,77365.05098000006,0.0229068037181257
2024-01-08,82236.13223000006,0.06296229613109472
2024-01-09,82236.13223000006,0.0
2024-01-10,82236.13223000006,0.0
2024-01-11,82236.13223000006,0.0
2024-01-12,82236.13223000006,0.0
2024-01-16,82236.13223000006,0.0
2024-01-17,82236.13223000006,0.0
2024-01-18,82236.13223000006,0.0
2024-01-19,82236.13223000006,0.0
2024-01-22,82236.13223000006,0.0
2024-01-23,82236.13223000006,0.0
2024-01-24,82236.13223000006,0.0
2024-01-25,82236.13223000006,0.0
2024-01-26,82236.13223000006,0.0
2024-01-29,82236.13223000006,0.0
2024-01-30,82236.13223000006,0.0
