date,open,high,low,close,volume,average,barCount
2019-05-10,42.0,45.0,41.06,41.57,175480604.0,43.004,457452
2019-05-13,38.79,39.24,36.08,37.1,69816502.0,37.497,241012
2019-05-14,38.31,39.96,36.85,39.96,41290367.0,38.167,133953
2019-05-15,39.37,41.88,38.95,41.29,33116331.0,40.646,108795
2019-05-16,41.48,44.06,41.25,43.0,30429194.0,42.842,99243
2019-05-17,41.98,43.29,41.27,41.91,18327131.0,42.206,66502
2019-05-20,41.19,41.68,39.46,41.59,18702932.0,40.777,66739
2019-05-21,42.0,42.24,41.25,41.5,9366257.0,41.638,34306
2019-05-22,41.05,41.28,40.5,41.25,8265659.0,40.878,31981
2019-05-23,40.8,41.09,40.02,40.47,10287082.0,40.443,33862
2019-05-24,41.28,41.51,40.5,41.51,7204732.0,41.003,24013
2019-05-28,41.7,41.8,40.6,40.95,7936626.0,40.958,34578
2019-05-29,40.52,40.71,39.14,39.94,12121649.0,39.714,42638
2019-05-30,40.07,40.38,39.5,39.8,18604320.0,39.852,60477
2019-05-31,41.15,41.57,39.41,40.41,20954864.0,40.198,79721
2019-06-03,40.74,41.85,40.24,41.25,15497569.0,41.098,51805
2019-06-04,42.56,42.88,40.7,42.75,20794510.0,42.011,76442
2019-06-05,42.87,45.66,42.5,45.0,26356747.0,44.213,94396
2019-06-06,45.0,45.75,44.28,44.92,14877825.0,44.928,53188
2019-06-07,44.92,45.67,44.13,44.16,10998138.0,44.963,34958
2019-06-10,44.02,44.59,42.53,42.61,10633215.0,43.392,36316
2019-06-11,43.22,43.65,41.8,42.45,8188397.0,42.609,29564
2019-06-12,42.52,42.65,41.71,42.17,5298602.0,42.183,20394
2019-06-13,43.05,44.35,42.8,44.31,8891027.0,43.347,33355
2019-06-14,44.75,44.8,43.11,43.23,7167207.0,43.742,26197
2019-06-17,43.28,44.08,42.93,43.78,5314855.0,43.623,20174
2019-06-18,44.3,44.89,43.75,43.86,6610706.0,44.313,22691
2019-06-19,44.46,45.5,43.95,44.86,9590172.0,44.819,33287
2019-06-20,45.03,45.29,43.51,43.86,8129160.0,44.278,30937
2019-06-21,43.85,44.14,43.38,44.0,3962061.0,43.899,16674
2019-06-24,44.0,44.07,42.82,43.09,5124269.0,43.189,22807
2019-06-25,43.28,43.79,42.44,43.09,4806785.0,43.091,22152
2019-06-26,43.25,43.4,42.36,42.5,5191440.0,42.776,26503
2019-06-27,43.35,45.3,43.2,45.13,13694950.0,44.651,55551
2019-06-28,45.1,47.08,45.08,46.38,18429414.0,46.367,73828
2019-07-01,46.98,47.04,44.12,44.27,15338358.0,45.016,57426
2019-07-02,44.55,44.68,43.75,44.0,10668815.0,44.127,41937
2019-07-03,44.0,44.46,43.79,44.23,2996804.0,44.104,12529
2019-07-05,44.31,44.55,43.01,43.53,7494389.0,43.584,33690
2019-07-08,43.59,43.85,42.75,42.95,8716485.0,43.045,31364
2019-07-09,43.18,44.23,42.98,44.2,4510697.0,43.688,16339
2019-07-10,44.48,44.8,43.56,43.7,8494856.0,43.959,31243
2019-07-11,44.1,44.29,43.31,43.99,6235071.0,43.69,21484
2019-07-12,44.16,44.24,43.39,43.99,6672349.0,43.797,24256
2019-07-15,44.2,44.7,43.97,44.53,5172252.0,44.351,19124
2019-07-16,44.6,44.98,44.02,44.13,4697697.0,44.464,20603
2019-07-17,44.06,44.35,43.52,43.62,5199773.0,43.788,20559
2019-07-18,43.5,43.85,43.19,43.71,3618598.0,43.598,15633
2019-07-19,43.9,44.09,43.16,43.18,3510241.0,43.513,12941
2019-07-22,43.25,43.72,43.01,43.69,3434441.0,43.464,14544
2019-07-23,43.75,44.31,43.11,43.36,4578992.0,43.489,17970
2019-07-24,43.36,43.87,43.36,43.76,3385574.0,43.659,13514
2019-07-25,43.72,43.96,43.21,43.4,3888541.0,43.394,14439
2019-07-26,43.42,44.96,43.39,44.52,7055752.0,44.334,24245
2019-07-29,45.0,45.63,43.12,43.88,7798478.0,44.42,30539
2019-07-30,43.75,43.75,42.49,42.59,7025786.0,42.781,26355
2019-07-31,42.7,42.98,41.84,42.14,5176972.0,42.323,20718
2019-08-01,42.14,42.54,41.0,41.31,6534137.0,41.668,25025
2019-08-02,41.05,41.06,39.95,40.4,7311082.0,40.297,32353
2019-08-05,39.35,39.42,38.43,39.05,8646033.0,38.985,41719
2019-08-06,39.74,40.81,38.36,39.15,7612246.0,38.985,30014
2019-08-07,39.06,39.99,38.32,39.7,6690192.0,39.451,32156
2019-08-08,41.98,43.0,41.25,42.97,19073418.0,42.41,79258
2019-08-09,39.56,40.68,38.71,40.05,30763954.0,39.716,116213
2019-08-12,39.83,39.95,37.0,37.0,18522229.0,37.747,69969
2019-08-13,37.0,37.46,36.12,36.45,17185194.0,36.749,65893
2019-08-14,36.0,36.3,33.36,33.96,22507002.0,34.352,87102
2019-08-15,34.52,34.55,32.92,33.22,11765131.0,33.393,46964
2019-08-16,33.46,35.48,33.4,35.23,12418955.0,34.653,45719
2019-08-19,35.53,35.8,34.37,34.61,9514435.0,35.056,36032
2019-08-20,34.48,36.07,34.39,35.29,9710567.0,35.479,36553
2019-08-21,35.5,35.83,34.75,34.91,7007550.0,35.042,28667
2019-08-22,34.8,34.91,33.52,34.0,7398183.0,34.019,28162
2019-08-23,33.65,34.23,33.12,33.43,7029182.0,33.465,29266
2019-08-26,33.67,33.83,33.06,33.31,4527729.0,33.366,19020
2019-08-27,33.69,34.24,32.98,33.11,5816678.0,33.475,21348
2019-08-28,32.56,33.05,32.26,32.59,5496085.0,32.657,23008
2019-08-29,32.9,33.3,32.6,32.76,5149115.0,32.955,19919
2019-08-30,33.0,33.13,32.04,32.57,5903235.0,32.406,23729
2019-09-03,32.1,32.53,30.66,30.7,10849907.0,31.216,41080
2019-09-04,30.91,32.36,30.85,31.99,9010703.0,31.709,31524
2019-09-05,32.33,33.03,32.25,32.51,6767887.0,32.639,26231
2019-09-06,32.71,32.74,31.41,31.86,6179976.0,31.855,23792
2019-09-09,32.05,32.39,31.46,32.24,6552163.0,31.92,25346
2019-09-10,32.0,33.74,31.65,33.51,9705957.0,33.033,36212
2019-09-11,33.38,35.14,33.02,34.0,13556127.0,34.157,50795
2019-09-12,34.14,34.49,33.33,34.07,6885618.0,34.008,28418
2019-09-13,34.25,34.44,32.94,33.25,8191868.0,33.268,32495
2019-09-16,33.6,34.8,33.47,34.43,7067103.0,34.443,26448
2019-09-17,34.75,34.75,33.55,34.29,4632090.0,34.196,18134
2019-09-18,34.35,34.89,33.75,34.26,5900333.0,34.333,21116
2019-09-19,34.2,34.64,33.68,33.82,5875331.0,34.076,22105
2019-09-20,33.98,34.22,32.5,32.6,9267214.0,32.952,34839
2019-09-23,32.52,33.01,32.06,33.0,4475393.0,32.66,20098
2019-09-24,33.0,33.15,31.01,31.3,9212763.0,31.646,36192
2019-09-25,31.27,31.72,30.76,31.68,7251520.0,31.395,23664
2019-09-26,31.72,32.13,31.13,31.57,5434477.0,31.673,21807
2019-09-27,31.71,31.9,30.13,30.29,10973081.0,30.774,41851
2019-09-30,30.4,30.74,30.17,30.47,4323952.0,30.465,20017
2019-10-01,30.37,30.51,28.65,29.15,12316358.0,29.328,49090
2019-10-02,28.67,29.55,28.31,29.0,7899491.0,28.938,31901
2019-10-03,28.97,29.88,28.52,29.72,8481093.0,29.332,33420
2019-10-04,29.9,30.18,28.9,29.67,7652663.0,29.369,28511
2019-10-07,30.6,30.75,29.83,30.37,8737088.0,30.339,32999
2019-10-08,30.01,30.15,29.17,29.28,6350162.0,29.654,25190
2019-10-09,29.62,29.62,28.81,29.07,6004400.0,29.05,25925
2019-10-10,29.21,29.28,28.58,28.87,6456648.0,28.866,26833
2019-10-11,28.95,30.4,28.94,30.13,8537618.0,29.937,34567
2019-10-14,30.22,31.54,29.81,31.12,7118516.0,31.038,26623
2019-10-15,31.2,32.17,31.19,32.0,7055283.0,31.9,30377
2019-10-16,31.8,32.38,31.43,31.87,6602579.0,31.945,24565
2019-10-17,31.8,32.93,31.45,32.62,6472584.0,32.434,29278
2019-10-18,32.55,32.66,31.27,32.06,6553090.0,31.829,31548
2019-10-21,31.95,32.29,31.18,31.41,6324498.0,31.573,26675
2019-10-22,31.41,33.89,30.22,32.53,18068912.0,32.345,72577
2019-10-23,32.87,33.27,32.17,33.05,5984550.0,32.802,26190
2019-10-24,33.0,33.42,32.51,33.28,5891265.0,33.075,25550
2019-10-25,33.2,33.48,32.61,32.71,7225551.0,33.11,28283
2019-10-28,32.9,33.36,32.5,33.22,6839271.0,32.953,27387
2019-10-29,32.37,32.92,31.81,32.42,8301669.0,32.351,37165
2019-10-30,32.51,33.8,32.11,33.75,9187211.0,33.035,41130
2019-10-31,33.23,33.36,31.26,31.5,14299469.0,31.731,53387
2019-11-01,31.45,31.7,30.74,31.37,9359584.0,31.384,36109
2019-11-04,31.45,31.75,30.12,31.08,22114912.0,30.827,84092
2019-11-05,29.13,29.3,27.97,28.02,46701461.0,28.529,157427
2019-11-06,26.05,27.55,25.58,26.94,109221339.0,26.748,298849
2019-11-07,26.8,27.42,26.45,27.38,61522832.0,27.07,175015
2019-11-08,27.43,27.62,26.91,27.01,39695388.0,27.333,151166
2019-11-11,27.03,27.21,26.23,27.14,35500449.0,26.807,110897
2019-11-12,27.31,27.66,26.66,26.7,28621362.0,27.089,99404
2019-11-13,26.47,26.82,26.14,26.71,28706235.0,26.476,87298
2019-11-14,26.8,26.86,25.66,25.99,25716027.0,26.173,88822
2019-11-15,26.18,26.8,25.95,26.79,37396900.0,26.532,105593
2019-11-18,26.8,27.0,26.3,26.75,33200192.0,26.676,94325
2019-11-19,26.77,27.22,26.61,27.05,29213141.0,27.032,79868
2019-11-20,27.06,28.4,26.94,28.03,49876991.0,27.894,126916
2019-11-21,28.67,29.6,28.5,29.46,51000506.0,29.256,142604
2019-11-22,29.84,30.13,29.21,29.56,39128522.0,29.712,125724
2019-11-25,28.69,29.6,28.38,29.11,29510192.0,29.168,106019
2019-11-26,29.49,30.15,29.36,29.53,22493047.0,29.784,75326
2019-11-27,29.42,29.59,28.88,29.49,16573302.0,29.343,55400
2019-11-29,29.41,29.85,29.25,29.6,7306157.0,29.609,24825
2019-12-02,29.32,29.53,28.7,28.98,14417648.0,29.063,53336
2019-12-03,28.2,29.33,28.15,29.02,22300541.0,28.936,79934
2019-12-04,29.1,29.2,28.7,29.06,20400532.0,28.989,57616
2019-12-05,28.94,28.99,28.18,28.65,18172515.0,28.595,68067
2019-12-06,28.4,28.93,27.8,27.86,27504195.0,28.223,82506
2019-12-09,27.96,28.36,27.68,27.68,17228462.0,28.061,64305
2019-12-10,27.73,28.0,27.6,27.89,17494582.0,27.826,65583
2019-12-11,27.99,28.55,27.84,28.42,20469684.0,28.326,74489
2019-12-12,28.29,28.75,28.19,28.69,20488308.0,28.576,82146
2019-12-13,28.58,28.84,28.27,28.49,22271021.0,28.596,72986
2019-12-16,29.11,30.13,29.1,30.05,40142331.0,29.942,143822
2019-12-17,30.37,30.42,29.53,29.75,28174127.0,29.826,107703
2019-12-18,29.62,30.14,29.34,30.13,25462521.0,29.933,94123
2019-12-19,29.84,30.17,29.53,29.99,24728638.0,29.997,96435
2019-12-20,30.1,31.03,29.85,30.45,48899505.0,30.508,167265
2019-12-23,30.49,30.94,29.83,30.33,23611320.0,30.392,97024
2019-12-24,30.33,30.84,30.11,30.44,11578215.0,30.606,40596
2019-12-26,30.47,30.79,30.03,30.67,17830931.0,30.544,65905
2019-12-27,30.8,31.06,30.17,30.17,15842340.0,30.467,63026
2019-12-30,30.13,30.2,29.35,29.74,15630718.0,29.761,57454
2019-12-31,29.11,29.95,28.9,29.74,14595867.0,29.61,53780
2020-01-02,29.94,31.0,29.79,30.99,18204844.0,30.465,64839
2020-01-03,30.62,31.43,30.48,31.37,17079447.0,31.171,58442
2020-01-06,31.01,32.06,31.0,31.58,19070124.0,31.644,71355
2020-01-07,31.79,32.84,31.36,32.81,24787594.0,32.295,93423
2020-01-08,32.71,34.52,32.46,33.93,40406608.0,33.609,146500
2020-01-09,34.45,34.48,33.22,33.97,25463374.0,33.756,94026
2020-01-10,34.08,34.99,33.83,34.01,26527680.0,34.376,99118
2020-01-13,34.29,34.34,33.55,34.14,14424943.0,34.04,54598
2020-01-14,34.2,35.02,33.92,34.84,22157721.0,34.712,83402
2020-01-15,34.9,35.15,34.51,35.01,18928633.0,34.901,68483
2020-01-16,35.03,35.06,34.18,34.68,20189841.0,34.643,71114
2020-01-17,34.97,35.25,34.65,35.13,13635731.0,34.988,53774
2020-01-21,35.5,37.8,35.41,37.6,40447897.0,36.811,140142
2020-01-22,37.94,37.94,36.92,37.04,23363051.0,37.377,88042
2020-01-23,36.97,37.95,36.72,37.4,18967797.0,37.425,76206
2020-01-24,37.5,37.67,36.25,36.8,19245840.0,36.996,76250
2020-01-27,35.23,36.65,34.19,36.3,16618488.0,36.005,69606
2020-01-28,37.14,37.33,36.04,37.01,25698633.0,36.638,101220
2020-01-29,36.98,37.57,36.8,36.99,15369425.0,37.197,61351
2020-01-30,36.82,37.14,35.95,36.68,17207115.0,36.52,61951
2020-01-31,37.0,37.04,35.69,36.29,17040921.0,36.259,64484
2020-02-03,36.75,37.64,36.53,37.59,20555023.0,37.315,80739
2020-02-04,37.87,38.99,37.26,38.53,29277697.0,38.527,115438
2020-02-05,38.89,38.97,36.73,36.81,33023036.0,37.513,115742
2020-02-06,37.3,37.39,36.73,37.09,27520624.0,37.035,110220
2020-02-07,39.98,41.0,38.86,40.63,100344037.0,40.191,308938
2020-02-10,40.65,41.34,39.96,40.01,43615920.0,40.642,145795
2020-02-11,40.25,41.47,40.05,41.27,30061798.0,41.044,100492
2020-02-12,41.51,41.86,41.06,41.25,22292431.0,41.366,81931
2020-02-13,40.93,41.55,40.0,40.09,21081481.0,40.869,79293
2020-02-14,40.06,40.31,38.7,39.66,26974293.0,39.465,100793
2020-02-18,39.49,40.27,39.45,40.18,17831442.0,39.836,76541
2020-02-19,40.42,41.23,40.11,41.05,19322881.0,40.8,70158
2020-02-20,41.0,41.19,39.85,40.92,21705784.0,40.571,71132
2020-02-21,40.89,40.89,40.05,40.72,18129581.0,40.573,60526
2020-02-24,38.21,39.14,37.75,38.31,32417930.0,38.471,128118
2020-02-25,38.9,39.15,35.5,35.89,44821513.0,36.677,149447
2020-02-26,35.53,36.17,33.89,34.45,39220208.0,34.85,157720
2020-02-27,32.03,34.16,30.67,32.45,59465131.0,32.408,205627
2020-02-28,31.81,34.29,31.0,33.87,38527565.0,32.658,166674
2020-03-02,34.05,34.08,31.74,32.85,37333926.0,32.548,165350
2020-03-03,34.02,34.18,31.9,33.04,31781171.0,33.207,131402
2020-03-04,33.95,35.34,32.28,34.53,40872045.0,33.842,162196
2020-03-05,33.47,33.57,31.97,32.21,29779766.0,32.549,123595
2020-03-06,31.23,32.41,30.45,31.68,28264241.0,31.472,122690
2020-03-09,28.5,30.32,28.15,28.17,33756815.0,29.149,135413
2020-03-10,29.47,29.86,27.0,28.97,32630261.0,28.146,127623
2020-03-11,27.91,28.14,25.61,26.24,39382585.0,26.729,157751
2020-03-12,23.26,24.69,22.11,22.61,48850172.0,23.298,170481
2020-03-13,24.01,24.81,21.13,22.6,48480946.0,22.592,166406
2020-03-16,20.15,21.49,19.1,20.29,50022263.0,20.144,174290
2020-03-17,20.18,20.31,18.01,18.91,54635089.0,18.974,193961
2020-03-18,17.76,17.8,13.71,14.82,72307171.0,15.7,238188
2020-03-19,15.96,21.26,15.7,20.49,76810035.0,19.476,247421
2020-03-20,22.53,23.89,20.61,21.33,65824819.0,22.051,238177
2020-03-23,21.05,22.73,19.73,22.4,39858441.0,21.266,146233
2020-03-24,24.41,26.84,23.59,26.39,49107598.0,25.222,189152
2020-03-25,26.18,28.45,25.31,26.19,47128187.0,26.924,183512
2020-03-26,26.6,28.44,25.78,28.12,36450989.0,27.545,151035
2020-03-27,25.82,28.03,25.07,27.28,36452397.0,26.482,134046
2020-03-30,26.33,28.39,25.31,27.83,34717978.0,27.054,124448
2020-03-31,27.75,28.25,26.92,27.92,38666766.0,27.763,125720
2020-04-01,26.5,26.77,24.81,25.42,35154460.0,25.6,140166
2020-04-02,25.01,25.2,23.0,23.68,32753955.0,24.124,118120
2020-04-03,23.73,23.79,21.67,22.82,32345765.0,22.665,125408
2020-04-06,24.13,26.09,23.93,25.99,30621595.0,25.268,123868
2020-04-07,27.86,28.11,25.5,25.74,33214817.0,26.753,134734
2020-04-08,26.0,27.88,25.79,26.94,26855148.0,27.016,101659
2020-04-09,27.8,28.89,26.46,27.11,31731384.0,27.776,118233
2020-04-13,27.04,28.08,26.47,27.99,22421692.0,27.357,95046
2020-04-14,28.0,28.77,27.01,27.75,28428814.0,27.962,117885
2020-04-15,26.82,27.79,26.44,27.41,16945346.0,27.124,73214
2020-04-16,27.21,28.05,26.46,27.03,20680982.0,27.205,81109
2020-04-17,28.69,28.79,27.26,28.0,28402960.0,27.954,108403
2020-04-20,27.07,28.76,26.9,28.19,25541182.0,28.172,97666
2020-04-21,27.5,28.15,26.6,27.19,18435286.0,27.345,76556
2020-04-22,27.97,28.56,27.51,28.24,18027303.0,28.09,63613
2020-04-23,28.75,29.25,28.24,28.33,24861518.0,28.737,90921
2020-04-24,28.51,29.59,28.14,29.49,18706486.0,28.969,75794
2020-04-27,29.74,30.49,29.41,30.08,29252079.0,30.019,100762
2020-04-28,30.98,31.83,29.36,30.12,24884626.0,30.309,97451
2020-04-29,31.0,32.0,30.33,31.37,24890471.0,31.467,100555
2020-04-30,30.5,31.05,29.75,30.27,15652250.0,30.263,65531
2020-05-01,29.13,29.72,28.32,28.39,16988722.0,28.84,70420
2020-05-04,27.56,28.07,26.58,27.42,21100406.0,27.312,87148
2020-05-05,28.25,28.91,27.44,28.07,26820993.0,28.234,99595
2020-05-06,27.5,28.06,26.81,27.82,24729330.0,27.498,96270
2020-05-07,29.6,31.65,29.58,30.93,45169789.0,30.573,171042
2020-05-08,32.59,33.3,31.64,32.79,63094431.0,32.507,202223
2020-05-11,31.98,32.39,31.41,31.64,23672847.0,31.832,87367
2020-05-12,31.42,34.45,30.41,32.4,84825599.0,32.97,294959
2020-05-13,32.3,33.06,30.83,33.02,43055174.0,32.142,164763
2020-05-14,32.53,33.04,31.24,32.79,28435729.0,32.303,115725
2020-05-15,32.26,32.89,31.59,32.47,23012744.0,32.376,94368
2020-05-18,33.7,36.0,32.99,33.62,44024425.0,34.322,173406
2020-05-19,33.68,34.0,32.86,33.4,18331297.0,33.581,75358
2020-05-20,34.12,34.77,33.82,34.48,17556259.0,34.338,71064
2020-05-21,34.45,35.01,33.47,34.26,21688864.0,34.282,85308
2020-05-22,34.15,34.93,33.57,34.83,16582109.0,34.503,63866
2020-05-26,35.97,36.0,34.5,34.56,19858341.0,35.082,75094
2020-05-27,34.42,35.0,33.1,34.88,23388949.0,34.135,97060
2020-05-28,34.9,35.1,33.82,34.15,17893320.0,34.597,81586
2020-05-29,34.18,36.45,34.0,36.32,44328757.0,35.36,182898
2020-06-01,35.54,36.39,35.16,35.82,18740830.0,35.88,78680
2020-06-02,36.16,36.42,35.26,35.81,16778939.0,35.794,70729
2020-06-03,36.2,37.37,36.14,36.75,20627534.0,36.908,84741
2020-06-04,36.42,37.3,36.28,36.43,15203505.0,36.737,65997
2020-06-05,37.53,38.79,36.92,37.21,27617825.0,37.656,114409
2020-06-08,37.85,37.9,36.09,37.08,27085914.0,36.666,120866
2020-06-09,36.7,37.33,36.25,36.59,13191784.0,36.827,55421
2020-06-10,36.69,36.8,34.26,34.83,38505097.0,35.073,152496
2020-06-11,32.63,33.25,30.89,31.1,40215317.0,32.093,161639
2020-06-12,32.73,32.74,31.04,32.24,24241548.0,31.987,93428
2020-06-15,31.16,32.68,31.02,32.67,17746610.0,31.942,82244
2020-06-16,34.0,34.17,32.43,33.49,18098989.0,33.526,91479
2020-06-17,33.5,33.6,33.01,33.29,11998622.0,33.282,57199
2020-06-18,33.0,33.44,32.8,33.4,12949967.0,33.153,59943
2020-06-19,33.98,34.02,32.27,32.3,19485492.0,33.158,86090
2020-06-22,32.43,32.85,31.43,32.68,14079875.0,32.211,65821
2020-06-23,32.88,33.21,32.59,33.05,10416301.0,32.953,47951
2020-06-24,32.75,32.93,30.45,30.46,25890668.0,31.084,116247
2020-06-25,30.0,30.86,29.56,30.58,16300614.0,30.212,75652
2020-06-26,30.44,30.44,29.2,29.61,18107927.0,29.665,84057
2020-06-29,29.51,29.75,28.39,29.63,15947773.0,29.298,74078
2020-06-30,30.83,31.25,30.13,31.08,17648478.0,30.846,80477
2020-07-01,30.96,31.27,30.16,30.43,11732909.0,30.579,50868
2020-07-02,31.02,31.57,30.51,30.68,12241484.0,30.957,53958
2020-07-06,33.1,33.2,31.76,32.52,36737713.0,32.351,130934
2020-07-07,32.46,33.56,32.39,32.82,27909000.0,33.034,100350
2020-07-08,33.21,33.97,32.68,33.93,19908436.0,33.377,90296
2020-07-09,34.24,34.46,32.25,33.15,21639932.0,33.148,92338
2020-07-10,33.14,33.55,32.65,33.14,12011740.0,33.035,50027
2020-07-13,33.21,33.6,31.66,31.72,16271844.0,32.666,67491
2020-07-14,31.35,31.38,30.48,30.93,17584610.0,30.867,81911
2020-07-15,32.1,32.97,31.68,32.81,17334133.0,32.349,80355
2020-07-16,32.05,32.59,31.55,32.35,9787533.0,32.184,43851
2020-07-17,32.58,32.82,31.85,32.55,12080675.0,32.245,57117
2020-07-20,32.48,33.93,32.35,33.66,14183921.0,33.327,60483
2020-07-21,34.16,34.23,32.53,32.55,13594660.0,33.139,54776
2020-07-22,32.44,32.88,32.33,32.66,10606736.0,32.596,46493
2020-07-23,32.33,33.02,31.98,32.17,10247441.0,32.548,49002
2020-07-24,31.74,31.8,30.47,31.18,15075107.0,31.095,53599
2020-07-27,31.21,31.6,30.75,30.99,8150469.0,31.097,38916
2020-07-28,30.79,31.24,30.35,30.81,11595567.0,30.765,51119
2020-07-29,30.92,31.26,30.77,31.02,6807160.0,30.986,31018
2020-07-30,30.65,30.68,29.97,30.24,11572510.0,30.228,53342
2020-07-31,30.4,30.42,29.78,30.26,10328166.0,30.086,51206
2020-08-03,30.24,31.3,30.06,31.19,14886103.0,30.716,56568
2020-08-04,31.17,32.85,31.17,32.68,18162888.0,32.438,79077
2020-08-05,33.1,33.32,32.5,33.2,14491876.0,33.031,59522
2020-08-06,33.27,34.8,33.21,34.71,29349093.0,34.314,99460
2020-08-07,33.07,33.7,32.45,32.9,34058117.0,32.899,120992
2020-08-10,33.04,33.18,31.51,32.27,17722393.0,32.197,72840
2020-08-11,31.66,32.21,30.65,31.21,28331539.0,31.409,110906
2020-08-12,31.46,32.22,30.69,30.84,20512218.0,31.319,84786
2020-08-13,30.52,31.33,30.32,30.46,19579095.0,30.788,85922
2020-08-14,30.4,30.49,29.81,29.99,14445799.0,30.031,57635
2020-08-17,30.04,30.12,29.14,29.48,16433248.0,29.544,64905
2020-08-18,29.5,30.46,29.41,30.08,25403773.0,29.908,101765
2020-08-19,30.15,30.35,29.39,29.42,11637076.0,29.817,47443
2020-08-20,29.13,31.7,28.48,31.41,49368948.0,30.242,183157
2020-08-21,31.39,31.82,30.71,30.83,16243232.0,31.101,68039
2020-08-24,30.97,31.3,30.37,31.04,12622490.0,30.901,53095
2020-08-25,31.04,31.19,30.6,31.19,8634852.0,30.881,38422
2020-08-26,31.01,32.71,30.95,32.3,18454768.0,32.138,73936
2020-08-27,32.4,33.07,32.27,32.8,18047521.0,32.764,70482
2020-08-28,33.0,33.94,32.82,33.8,15657581.0,33.556,70864
2020-08-31,33.62,33.92,33.14,33.63,10730942.0,33.601,46355
2020-09-01,33.45,34.51,33.14,34.3,14217538.0,34.088,59549
2020-09-02,34.21,34.51,33.29,34.37,14280922.0,33.947,58694
2020-09-03,34.06,34.74,32.95,33.41,15161770.0,33.731,72156
2020-09-04,33.33,33.65,31.55,33.24,13839025.0,32.664,68096
2020-09-08,32.36,35.1,32.16,34.32,29444029.0,34.306,136970
2020-09-09,34.11,35.5,34.11,35.01,19417679.0,35.08,101901
2020-09-10,35.2,36.78,35.19,35.98,30418795.0,36.179,134701
2020-09-11,36.3,37.15,36.25,36.98,22862473.0,36.786,104674
2020-09-14,37.1,38.0,37.08,37.95,22803613.0,37.634,109920
2020-09-15,37.93,38.48,37.27,37.47,20957917.0,37.917,94435
2020-09-16,37.39,38.52,37.39,37.66,19273869.0,38.025,94456
2020-09-17,36.68,37.45,36.14,37.06,19605077.0,36.767,97091
2020-09-18,37.15,37.57,36.39,37.12,20816642.0,37.01,107467
2020-09-21,35.86,36.58,35.12,36.49,15524705.0,35.922,79508
2020-09-22,36.53,36.55,34.1,34.4,23134143.0,34.818,111326
2020-09-23,34.45,34.81,33.4,33.55,12810859.0,34.171,62893
2020-09-24,33.66,34.0,32.89,33.35,13709500.0,33.434,72231
2020-09-25,33.2,34.5,33.2,34.46,9271348.0,34.085,46316
2020-09-28,35.8,36.63,35.26,35.56,19758928.0,35.887,87364
2020-09-29,35.56,35.65,34.59,35.43,13281435.0,35.039,64474
2020-09-30,35.28,36.5,35.27,36.48,17499360.0,36.124,72383
2020-10-01,36.95,37.83,36.58,37.14,16428329.0,37.046,79519
2020-10-02,36.0,37.99,35.94,37.72,15893728.0,37.085,77793
2020-10-05,37.7,38.0,36.88,37.14,10884134.0,37.281,52743
2020-10-06,37.17,37.37,36.04,36.26,10956644.0,36.623,54033
2020-10-07,36.59,37.11,36.36,36.78,9239139.0,36.741,47226
2020-10-08,37.0,37.83,36.96,37.34,10217383.0,37.494,48619
2020-10-09,37.91,38.35,37.19,37.27,10900161.0,37.643,51154
2020-10-12,37.56,37.56,36.17,36.26,10726280.0,36.59,46482
2020-10-13,36.22,36.23,35.02,35.56,13050579.0,35.728,63434
2020-10-14,35.69,36.09,35.07,35.11,12810151.0,35.605,55496
2020-10-15,34.68,34.81,34.02,34.26,13252724.0,34.353,61945
2020-10-16,34.78,34.8,33.61,33.72,12041859.0,34.044,55253
2020-10-19,34.16,34.59,34.0,34.22,15666036.0,34.263,69745
2020-10-20,34.53,36.76,34.53,36.31,26453523.0,36.123,119088
2020-10-21,36.25,36.25,34.87,35.2,14707855.0,35.378,72235
2020-10-22,35.42,36.89,34.91,36.7,12389179.0,36.086,59867
2020-10-23,36.5,36.99,35.92,36.75,12708819.0,36.617,63045
2020-10-26,36.45,36.74,35.12,35.49,9131166.0,35.727,46853
2020-10-27,35.51,35.7,34.02,34.16,10796104.0,34.42,53947
2020-10-28,33.62,33.66,32.9,33.65,13090185.0,33.329,57597
2020-10-29,33.71,34.94,33.33,34.06,12126325.0,34.341,59017
2020-10-30,33.91,34.4,33.15,33.41,10776066.0,33.556,51974
2020-11-02,34.15,35.05,34.06,34.81,15127316.0,34.616,68722
2020-11-03,35.27,36.15,35.15,35.77,13962269.0,35.852,66857
2020-11-04,40.66,42.15,39.0,40.99,88758573.0,40.439,306443
2020-11-05,40.33,42.05,40.01,41.96,27679199.0,41.544,112655
2020-11-06,42.09,45.38,41.62,44.87,51084720.0,44.396,208460
2020-11-09,48.01,49.62,47.3,48.18,54393608.0,48.668,211715
2020-11-10,46.74,49.36,46.04,47.0,28922094.0,47.382,136183
2020-11-11,46.72,47.52,45.91,46.23,16681986.0,46.607,74986
2020-11-12,45.39,47.47,45.05,46.4,13757878.0,46.707,62929
2020-11-13,47.11,47.67,45.93,47.61,11089942.0,46.807,53713
2020-11-16,48.74,50.09,48.48,49.21,25518360.0,49.564,102710
2020-11-17,48.72,49.62,48.5,48.89,14275578.0,49.02,66870
2020-11-18,48.77,49.95,48.33,49.11,12155314.0,49.513,52674
2020-11-19,49.1,49.91,48.65,49.26,11474470.0,49.314,55267
2020-11-20,49.98,50.75,48.27,48.43,14990518.0,49.335,64725
2020-11-23,48.49,50.88,48.49,50.04,14073742.0,50.02,64432
2020-11-24,50.66,52.15,50.48,51.26,13832487.0,51.447,62092
2020-11-25,51.27,51.45,49.92,50.8,9774694.0,50.645,48234
2020-11-27,50.93,51.19,50.2,50.72,7308099.0,50.733,34851
2020-11-30,50.23,51.01,48.53,49.66,13084859.0,49.692,62973
2020-12-01,50.0,51.41,49.07,49.63,16232382.0,50.539,77427
2020-12-02,49.26,53.45,48.53,53.09,24327038.0,51.57,112469
2020-12-03,53.3,53.49,52.12,52.52,10770239.0,52.697,54448
2020-12-04,52.71,54.86,52.71,54.86,18533618.0,54.012,89177
2020-12-07,54.59,54.87,53.65,53.8,10641045.0,54.228,54869
2020-12-08,52.4,54.22,52.35,53.01,19472905.0,53.326,101308
2020-12-09,53.98,56.02,53.06,53.79,40340780.0,54.447,182040
2020-12-10,52.33,54.62,51.3,54.35,16017004.0,53.669,72467
2020-12-11,54.47,55.03,52.33,52.63,13543364.0,53.286,67691
2020-12-14,53.27,53.44,51.24,51.46,14388196.0,52.18,73486
2020-12-15,52.12,52.83,50.87,51.0,14476380.0,51.706,71776
2020-12-16,51.17,51.68,50.29,50.49,14439242.0,50.781,75108
2020-12-17,50.59,51.3,50.17,50.63,16201151.0,50.721,77002
2020-12-18,50.81,50.95,49.52,50.62,16129711.0,50.26,81387
2020-12-21,49.0,52.35,48.79,51.8,19399905.0,51.037,97158
2020-12-22,52.11,54.36,51.92,53.78,20193324.0,53.403,95682
2020-12-23,53.8,54.09,52.99,53.71,10624592.0,53.515,53098
2020-12-24,53.6,53.63,52.29,52.88,5400120.0,52.838,27616
2020-12-28,53.02,53.13,51.56,51.97,8502984.0,52.114,45595
2020-12-29,52.33,52.99,51.47,52.27,7984714.0,52.2,39367
2020-12-30,52.66,53.85,52.22,53.15,7541312.0,53.309,38577
2020-12-31,53.28,53.28,51.0,51.0,10498021.0,51.827,55498
2021-01-04,52.22,52.32,49.63,51.14,13334363.0,50.784,64464
2021-01-05,51.0,54.19,50.76,54.01,18339401.0,52.974,81750
2021-01-06,53.31,54.07,52.0,52.48,13603956.0,52.986,69038
2021-01-07,53.37,56.25,53.2,56.13,18557179.0,55.344,86338
2021-01-08,54.4,54.79,52.58,53.28,30577268.0,53.631,144748
2021-01-11,53.11,55.0,52.99,54.59,18043430.0,54.46,83100
2021-01-12,55.5,59.39,55.0,58.54,45524335.0,58.027,183271
2021-01-13,58.54,59.88,57.53,59.4,20317329.0,58.912,93069
2021-01-14,60.0,60.03,56.7,56.91,21912737.0,58.041,92551
2021-01-15,57.49,57.9,55.0,55.52,18034919.0,56.156,90604
2021-01-19,56.39,56.85,55.0,56.3,12489642.0,55.899,61349
2021-01-20,56.99,57.98,55.47,56.38,12039644.0,56.182,61911
2021-01-21,56.57,57.0,55.31,55.79,10942205.0,55.931,52555
2021-01-22,55.25,55.47,54.01,54.31,13388227.0,54.47,66987
2021-01-25,54.5,54.52,49.65,54.29,35552056.0,52.341,154003
2021-01-26,54.62,55.52,51.53,51.92,17873856.0,53.295,88204
2021-01-27,49.97,50.86,47.15,48.11,27175144.0,49.324,128408
2021-01-28,50.12,52.52,49.88,51.58,22867640.0,51.483,116127
2021-01-29,50.63,51.49,49.63,50.93,14402296.0,50.709,82082
2021-02-01,52.12,52.9,51.35,52.76,12650687.0,52.207,68490
2021-02-02,55.11,58.03,54.89,56.46,24549623.0,56.723,109734
2021-02-03,57.87,58.13,56.74,57.12,10807436.0,57.304,54929
2021-02-04,56.45,57.85,56.11,57.85,10406316.0,57.162,52534
2021-02-05,58.16,58.71,57.37,58.58,12910445.0,58.017,63523
2021-02-08,59.7,60.11,58.69,59.29,15071910.0,59.331,74706
2021-02-09,58.91,61.06,58.62,59.61,18737161.0,59.84,88568
2021-02-10,62.0,63.5,60.8,63.18,27745000.0,62.546,133163
2021-02-11,63.25,64.05,60.39,60.71,35565895.0,62.288,148383
2021-02-12,60.12,60.93,59.31,60.63,12412541.0,60.12,62577
2021-02-16,61.02,61.31,59.84,60.52,12310183.0,60.564,59618
2021-02-17,60.33,60.95,58.95,60.81,10166121.0,60.15,54066
2021-02-18,60.0,60.29,58.23,59.0,12020005.0,59.115,57586
2021-02-19,58.36,60.46,58.11,58.39,20900582.0,58.997,91751
2021-02-22,57.76,58.1,54.81,55.31,21746235.0,56.395,92192
2021-02-23,53.5,56.37,51.89,56.0,19901854.0,54.362,110035
2021-02-24,54.95,55.15,53.66,53.91,19334829.0,54.298,95183
2021-02-25,54.58,54.6,50.86,51.45,22929607.0,52.097,125196
2021-02-26,52.07,52.75,50.61,51.75,11980141.0,51.839,65637
2021-03-01,53.67,54.76,53.3,54.4,14860155.0,54.131,86670
2021-03-02,55.54,55.62,54.18,54.65,11722278.0,54.754,64009
2021-03-03,55.93,57.8,54.65,56.11,23991844.0,56.507,126697
2021-03-04,55.75,57.16,51.61,53.07,21972243.0,53.988,128212
2021-03-05,54.28,55.83,50.81,55.54,26392730.0,53.403,146733
2021-03-08,55.5,56.45,52.89,53.2,16946506.0,54.251,98385
2021-03-09,56.0,56.15,54.72,55.25,14418581.0,55.44,80580
2021-03-10,57.21,58.9,56.27,57.68,24712474.0,57.703,121201
2021-03-11,58.8,59.48,58.22,58.95,14526840.0,58.905,69488
2021-03-12,58.97,60.59,57.62,60.35,12117963.0,59.547,59664
2021-03-15,60.35,60.53,59.12,60.19,10691850.0,59.935,52372
2021-03-16,59.99,61.02,58.38,58.85,9477370.0,59.614,49979
2021-03-17,57.07,57.57,55.54,56.36,21227227.0,56.367,101294
2021-03-18,56.63,57.48,55.21,55.69,11990382.0,56.351,63874
2021-03-19,55.48,57.18,54.34,57.08,10146098.0,56.206,50604
2021-03-22,57.25,57.61,55.47,55.69,8955614.0,56.383,45021
2021-03-23,55.63,55.63,53.11,53.49,11448009.0,54.093,62387
2021-03-24,54.46,54.96,52.54,52.57,11352286.0,53.768,59491
2021-03-25,52.0,54.28,51.8,53.89,9873202.0,53.353,56084
2021-03-26,54.35,55.25,53.52,54.71,9132988.0,54.445,47582
2021-03-29,54.8,54.8,52.85,53.35,7948063.0,53.432,44951
2021-03-30,52.99,54.12,52.64,53.46,7280055.0,53.529,37156
2021-03-31,53.96,55.18,53.58,54.51,10427483.0,54.411,52812
2021-04-01,55.61,57.63,54.81,57.6,16030821.0,56.743,71597
2021-04-05,58.1,58.42,56.64,57.4,10549380.0,57.336,55241
2021-04-06,57.34,58.99,57.16,58.05,10783066.0,58.342,59704
2021-04-07,58.02,58.13,55.95,56.89,10437479.0,56.795,58142
2021-04-08,56.65,57.94,56.54,57.83,7719347.0,57.437,43425
2021-04-09,57.32,57.88,56.4,57.68,8444590.0,57.1,40754
2021-04-12,59.05,60.77,58.75,59.44,31188650.0,59.804,129581
2021-04-13,59.65,61.01,58.53,60.64,17332245.0,60.332,85010
2021-04-14,60.11,61.5,59.18,59.23,15684354.0,60.313,80991
2021-04-15,59.88,61.09,59.55,60.74,14476352.0,60.534,65400
2021-04-16,60.74,60.85,59.54,60.35,8192391.0,60.322,42039
2021-04-19,60.0,60.23,57.52,57.85,12991579.0,58.539,62467
2021-04-20,58.0,58.12,55.24,55.48,15967312.0,56.032,81176
2021-04-21,55.0,56.2,54.61,55.77,9489832.0,55.716,50749
2021-04-22,55.85,57.22,55.19,56.28,12091939.0,56.199,63565
2021-04-23,56.56,57.95,56.39,57.93,6512812.0,57.345,34523
2021-04-26,58.05,58.36,57.33,57.61,6613159.0,57.876,37700
2021-04-27,58.32,58.4,57.05,57.16,10800247.0,57.587,55760
2021-04-28,56.88,58.48,56.66,58.44,7634833.0,57.875,37634
2021-04-29,59.0,59.22,53.11,54.93,37777722.0,55.306,174074
2021-04-30,54.3,55.65,54.11,54.77,12816388.0,54.722,71153
2021-05-03,55.12,56.13,54.84,54.85,11054271.0,55.343,58214
2021-05-04,54.52,54.72,52.01,52.99,14919524.0,52.832,77925
2021-05-05,53.87,54.07,50.63,51.18,33169875.0,51.706,142525
2021-05-06,48.39,49.81,45.72,46.65,68610702.0,47.352,296731
2021-05-07,47.21,48.6,46.53,47.03,23905379.0,47.468,107793
2021-05-10,47.71,47.85,45.6,45.79,20796563.0,46.244,95811
2021-05-11,44.5,46.79,44.18,46.21,24000160.0,45.84,111312
2021-05-12,45.9,46.11,43.17,43.81,25904416.0,44.131,117866
2021-05-13,44.99,46.1,43.56,44.48,31559014.0,44.902,137438
2021-05-14,45.03,47.71,44.85,47.42,21787103.0,46.791,102942
2021-05-17,47.24,47.94,46.51,47.51,14844545.0,47.173,77993
2021-05-18,49.67,50.29,48.52,49.17,23545080.0,49.636,101203
2021-05-19,47.53,49.83,47.37,49.47,13718540.0,49.128,67044
2021-05-20,49.57,49.95,48.76,49.33,14948022.0,49.32,66828
2021-05-21,49.57,49.95,48.76,48.82,15223909.0,49.39,67030
2021-05-24,49.33,50.4,48.85,50.03,13476809.0,49.92,63205
2021-05-25,50.74,51.59,50.44,50.46,13108367.0,50.947,65674
2021-05-26,50.32,51.36,49.76,51.12,12368382.0,50.906,57688
2021-05-27,51.44,51.69,48.72,50.71,23063536.0,50.543,93889
2021-05-28,50.68,51.74,50.47,50.83,11799198.0,51.144,56025
2021-06-01,51.62,51.66,49.84,50.98,11360596.0,50.696,59662
2021-06-02,51.19,51.41,50.55,50.79,8342647.0,50.902,46023
2021-06-03,50.43,50.5,48.53,48.7,11599797.0,49.306,62045
2021-06-04,49.61,50.22,49.07,50.18,8287364.0,49.844,42198
2021-06-07,50.49,51.22,49.75,50.76,12612761.0,50.671,62154
2021-06-08,51.0,51.4,48.66,49.88,15755454.0,49.778,80691
2021-06-09,50.0,50.17,49.11,49.14,9635725.0,49.575,55762
2021-06-10,49.69,49.9,48.42,49.55,11084460.0,49.277,54931
2021-06-11,50.03,50.36,49.53,50.01,8686787.0,49.934,43132
2021-06-14,50.05,51.49,49.56,50.77,12454378.0,50.936,60996
2021-06-15,49.5,49.96,49.09,49.3,15496820.0,49.477,76554
2021-06-16,49.36,49.66,48.29,48.89,13732601.0,48.981,76989
2021-06-17,48.96,49.84,48.31,49.7,14476528.0,49.207,74686
2021-06-18,49.31,50.39,48.77,49.7,11452055.0,49.713,61397
2021-06-21,49.72,49.86,47.9,48.12,24397560.0,48.299,100655
2021-06-22,48.3,49.34,47.75,49.05,15071779.0,48.607,75690
2021-06-23,49.06,50.77,49.01,50.51,17115166.0,50.272,86407
2021-06-24,51.3,51.55,50.22,50.82,10266389.0,50.923,55409
2021-06-25,51.18,51.83,50.53,51.73,13507571.0,51.29,67963
2021-06-28,51.75,52.36,50.36,51.11,15259306.0,50.969,74418
2021-06-29,51.1,51.3,50.24,50.76,10828475.0,50.794,54436
2021-06-30,51.02,51.13,49.71,50.12,15253732.0,50.464,75217
2021-07-01,50.88,51.6,50.02,50.59,14436602.0,50.775,70020
2021-07-02,50.57,51.83,50.39,51.71,11161424.0,51.448,56830
2021-07-06,50.68,52.03,50.4,50.8,15444621.0,51.017,74492
2021-07-07,50.56,51.03,48.54,48.68,19758753.0,49.415,91563
2021-07-08,47.16,48.21,46.57,47.55,19399521.0,47.656,98104
2021-07-09,47.97,49.25,47.71,49.07,10151215.0,48.768,54926
2021-07-12,48.87,49.29,48.09,48.41,9947983.0,48.365,48291
2021-07-13,48.59,48.59,47.75,48.08,9101002.0,48.153,50801
2021-07-14,48.29,48.59,47.11,47.15,12216131.0,47.564,60824
2021-07-15,46.95,47.46,46.15,46.42,14053763.0,46.742,69342
2021-07-16,46.4,47.09,46.01,46.19,12426441.0,46.534,62676
2021-07-19,45.0,45.75,44.43,45.56,16390695.0,45.173,85150
2021-07-20,45.46,46.66,45.07,46.32,10185603.0,46.11,56596
2021-07-21,46.53,47.94,46.35,47.52,10499122.0,47.388,54797
2021-07-22,47.7,48.17,47.24,47.57,9412226.0,47.655,49615
2021-07-23,47.61,47.69,46.78,47.46,7977558.0,47.335,44414
2021-07-26,47.04,47.6,46.37,46.81,9166704.0,46.835,45314
2021-07-27,46.54,46.66,44.76,45.82,12976040.0,45.464,71424
2021-07-28,45.88,46.97,45.81,46.14,12900476.0,46.289,69263
2021-07-29,44.12,45.21,44.0,44.69,39535426.0,44.599,167488
2021-07-30,44.38,44.73,43.34,43.46,17099143.0,43.912,73494
2021-08-02,44.1,44.29,43.44,43.49,18573849.0,43.882,88604
2021-08-03,43.56,43.68,41.62,42.79,28000479.0,42.289,120945
2021-08-04,42.76,42.82,41.37,41.81,28855125.0,41.776,122921
2021-08-05,40.4,44.65,40.15,43.07,51470234.0,42.964,219579
2021-08-06,43.74,44.94,43.65,44.28,22034170.0,44.315,106951
2021-08-09,44.19,44.27,43.21,43.25,14765213.0,43.635,65603
2021-08-10,43.7,44.24,43.25,43.5,23976466.0,43.67,92590
2021-08-11,43.41,43.5,42.0,43.08,17409453.0,42.713,81408
2021-08-12,42.86,42.97,42.18,42.73,13320079.0,42.586,63070
2021-08-13,42.8,43.03,42.2,42.22,7065244.0,42.508,34759
2021-08-16,41.76,41.79,40.86,41.5,14980882.0,41.381,71862
2021-08-17,41.06,41.48,40.58,41.0,15546146.0,40.983,70834
2021-08-18,40.97,41.53,40.8,40.88,11151093.0,41.141,59105
2021-08-19,40.28,40.6,39.51,39.86,17643149.0,39.919,82605
2021-08-20,39.69,40.08,39.23,39.95,15087707.0,39.694,68744
2021-08-23,39.0,41.08,38.84,41.0,28096722.0,40.326,121801
2021-08-24,41.1,41.21,39.97,40.17,40825721.0,40.579,147382
2021-08-25,40.65,42.11,40.04,41.55,21641475.0,41.481,101428
2021-08-26,41.49,41.94,40.54,40.62,14281730.0,41.095,64786
2021-08-27,40.53,41.31,40.5,40.69,11369838.0,40.913,52412
2021-08-30,40.58,40.74,39.11,39.59,24852186.0,39.538,84563
2021-08-31,39.84,40.28,39.12,39.14,20105880.0,39.55,81426
2021-09-01,39.98,41.67,39.87,40.62,23007799.0,40.828,105507
2021-09-02,40.69,41.86,40.53,41.4,17488872.0,41.426,82384
2021-09-03,41.24,41.58,40.23,40.32,13450234.0,40.8,61942
2021-09-07,40.49,41.08,40.31,40.95,12340289.0,40.733,55679
2021-09-08,40.78,41.34,39.83,40.07,12943622.0,40.209,59522
2021-09-09,40.15,40.95,39.84,40.35,10988516.0,40.411,52885
2021-09-10,40.62,40.83,39.86,39.89,11664760.0,40.156,53566
2021-09-13,40.26,41.19,39.26,40.07,22993421.0,40.364,94114
2021-09-14,39.9,40.1,38.55,39.01,31091732.0,39.292,99102
2021-09-15,39.0,39.0,38.08,38.48,26380642.0,38.384,109851
2021-09-16,38.24,39.67,38.09,39.52,22052323.0,39.151,86988
2021-09-17,39.9,40.23,39.29,39.75,23129967.0,39.711,90323
2021-09-20,38.88,40.22,38.73,39.79,20991785.0,39.625,104091
2021-09-21,42.34,45.0,42.18,44.36,92671417.0,43.807,357661
2021-09-22,44.9,46.62,44.61,44.87,49439527.0,45.483,213505
2021-09-23,45.35,45.84,44.71,45.48,22601850.0,45.409,103759
2021-09-24,45.46,47.05,45.29,46.63,24408267.0,46.483,104703
2021-09-27,46.77,47.43,46.19,47.25,19805718.0,47.02,86161
2021-09-28,46.7,47.0,45.76,45.98,19039292.0,46.187,88384
2021-09-29,46.0,46.53,44.3,44.52,19838033.0,45.496,93298
2021-09-30,44.71,45.37,43.86,44.8,13223485.0,44.688,69244
2021-10-01,45.91,47.25,45.79,47.05,19485159.0,46.591,97149
2021-10-04,46.47,46.83,45.2,45.72,15394269.0,45.805,78037
2021-10-05,45.91,46.08,45.34,45.61,10015734.0,45.684,51833
2021-10-06,45.33,47.18,45.0,47.01,20804373.0,46.706,96138
2021-10-07,47.64,48.24,46.89,47.91,21371689.0,47.637,94075
2021-10-08,48.08,48.88,47.6,47.77,15481482.0,48.104,73927
2021-10-11,47.7,47.87,46.28,46.29,11392444.0,46.926,53221
2021-10-12,46.33,47.05,46.15,46.72,10717251.0,46.649,54072
2021-10-13,46.26,47.0,45.94,46.41,11468764.0,46.463,58963
2021-10-14,46.98,47.94,46.84,47.28,14980476.0,47.381,76499
2021-10-15,47.91,48.84,47.34,48.36,14359042.0,48.36,66999
2021-10-18,47.68,47.95,46.75,47.07,15039552.0,47.109,69946
2021-10-19,47.2,47.69,46.74,47.05,13431057.0,47.171,61728
2021-10-20,47.15,47.54,45.93,46.0,12967190.0,46.391,61266
2021-10-21,45.97,47.54,45.52,46.47,12939169.0,46.775,58097
2021-10-22,46.0,46.5,45.23,45.51,13938092.0,45.647,66314
2021-10-25,45.67,46.07,45.01,45.72,10737983.0,45.595,50744
2021-10-26,46.28,47.69,45.86,46.02,15251578.0,46.546,76161
2021-10-27,46.47,46.55,44.16,44.73,22317968.0,45.024,105339
2021-10-28,45.0,45.42,44.38,44.62,10657207.0,44.845,56001
2021-10-29,44.49,44.8,43.57,43.82,14636399.0,43.959,76046
2021-11-01,44.07,45.03,43.65,44.36,16902833.0,44.512,81605
2021-11-02,44.34,44.35,42.33,42.89,21031045.0,42.982,104725
2021-11-03,45.33,46.26,44.71,45.72,28402482.0,45.528,137565
2021-11-04,45.54,46.53,44.99,45.27,22198499.0,45.506,106187
2021-11-05,47.5,48.74,46.61,47.19,37443092.0,47.474,163374
2021-11-08,47.08,47.65,45.82,45.89,19562018.0,46.77,83239
2021-11-09,45.91,45.98,43.68,45.51,25593758.0,44.913,117074
2021-11-10,44.9,45.25,42.6,43.38,27163162.0,43.825,131761
2021-11-11,43.32,43.72,42.44,43.28,22514823.0,43.074,107497
2021-11-12,43.57,45.13,43.57,45.12,21819800.0,44.331,106404
2021-11-15,45.11,45.26,43.56,43.61,16143735.0,44.222,77312
2021-11-16,45.54,46.66,44.86,45.76,35183129.0,45.934,155511
2021-11-17,45.39,45.64,43.9,44.11,19837185.0,44.631,103379
2021-11-18,44.53,45.33,43.57,45.0,19924888.0,44.549,100121
2021-11-19,43.93,44.72,43.5,44.23,17312332.0,44.215,89524
2021-11-22,43.96,44.4,41.8,42.6,24760455.0,42.82,126084
2021-11-23,42.38,43.14,41.6,42.68,14745217.0,42.444,75889
2021-11-24,42.0,42.37,41.24,42.08,12134573.0,41.978,60875
2021-11-26,39.61,40.62,38.77,40.52,23888592.0,39.721,120616
2021-11-29,41.08,41.25,38.78,39.7,21715531.0,39.612,110994
2021-11-30,39.25,39.95,37.03,38.0,42994234.0,37.956,208838
2021-12-01,39.45,39.5,35.8,36.02,36972935.0,37.384,173436
2021-12-02,36.55,38.4,36.45,38.12,26336505.0,37.882,138416
2021-12-03,37.42,37.84,35.26,35.85,35346053.0,35.952,163621
2021-12-06,35.95,38.69,35.44,38.49,28716135.0,37.773,130828
2021-12-07,39.4,40.22,37.76,38.08,30146870.0,38.962,134738
2021-12-08,38.3,39.41,38.01,38.81,25479707.0,38.83,114883
2021-12-09,38.44,38.7,37.47,37.54,15874405.0,37.963,82378
2021-12-10,37.41,37.87,36.61,36.67,19194468.0,36.923,91913
2021-12-13,36.08,36.31,34.88,35.73,25372875.0,35.524,123963
2021-12-14,35.25,38.45,35.21,37.26,37070349.0,37.343,167684
2021-12-15,36.91,38.38,36.24,37.83,28590121.0,37.141,148717
2021-12-16,38.25,38.58,37.12,37.7,24081539.0,37.712,107525
2021-12-17,37.2,40.0,36.74,39.68,36589539.0,39.091,174269
2021-12-20,38.45,40.15,38.08,39.7,19820333.0,39.516,100635
2021-12-21,39.82,42.08,39.82,41.97,23043613.0,41.477,116548
2021-12-22,41.95,43.23,41.45,43.02,19377010.0,42.691,99944
2021-12-23,43.03,44.35,42.76,43.91,16887564.0,43.822,83113
2021-12-27,43.44,44.24,42.82,42.96,18404193.0,43.35,94097
2021-12-28,42.6,43.74,42.3,42.54,13434804.0,42.88,71428
2021-12-29,42.72,42.93,41.81,42.46,12079086.0,42.473,64691
2021-12-30,42.29,43.34,42.2,42.66,11227725.0,42.974,58962
2021-12-31,42.53,43.12,41.93,41.93,11084083.0,42.398,58697
2022-01-03,42.48,44.41,41.89,43.95,19230931.0,43.622,100298
2022-01-04,44.23,44.8,42.58,44.42,20680682.0,43.691,111611
2022-01-05,44.29,45.9,42.86,43.24,23384316.0,44.341,114063
2022-01-06,43.11,44.08,40.97,42.03,25498167.0,42.702,133303
2022-01-07,42.0,42.65,41.2,41.51,18986236.0,41.811,101426
2022-01-10,41.48,42.81,40.16,42.6,22765612.0,41.648,116541
2022-01-11,42.36,44.17,42.19,43.62,15791256.0,43.571,83531
2022-01-12,43.99,44.1,42.53,43.04,12726834.0,43.192,64607
2022-01-13,43.34,43.92,42.72,42.87,14106383.0,43.354,72189
2022-01-14,42.4,42.72,40.35,41.51,22220236.0,41.217,108090
2022-01-18,40.96,40.96,38.37,38.41,30801458.0,39.241,151624
2022-01-19,38.21,38.89,37.11,37.86,23145465.0,38.032,114671
2022-01-20,38.29,39.64,37.75,37.82,17463335.0,38.806,89048
2022-01-21,37.41,37.6,35.84,35.94,33244532.0,36.652,162942
2022-01-24,34.91,36.42,33.51,36.28,36641392.0,34.709,189485
2022-01-25,35.47,36.09,34.51,34.82,24165793.0,35.043,121270
2022-01-26,36.07,36.68,34.45,34.8,24700606.0,35.704,125680
2022-01-27,35.37,35.79,33.94,34.09,20117082.0,34.635,102453
2022-01-28,34.17,35.22,32.81,35.21,22486102.0,34.093,112149
2022-01-31,35.34,37.54,35.3,37.4,18250211.0,36.99,90919
2022-02-01,37.63,38.71,37.2,38.61,15965485.0,38.129,78636
2022-02-02,38.53,38.62,37.03,37.17,15364726.0,37.421,81418
2022-02-03,36.08,36.74,34.3,34.54,24791443.0,35.333,119087
2022-02-04,35.0,37.36,34.36,37.05,26535337.0,36.406,120013
2022-02-07,36.98,39.05,36.98,37.54,22269998.0,37.956,116052
2022-02-08,37.25,38.57,36.95,38.34,18476463.0,38.087,98440
2022-02-09,38.81,40.4,38.16,40.19,35758983.0,39.72,156803
2022-02-10,41.0,42.56,37.35,37.75,98672495.0,39.422,366402
2022-02-11,37.96,38.65,34.48,35.29,59812970.0,35.987,259089
2022-02-14,35.2,35.99,34.32,34.59,32706749.0,35.013,149190
2022-02-15,35.44,37.21,35.11,37.09,30571092.0,36.305,142060
2022-02-16,36.63,37.39,36.27,36.58,23259774.0,36.674,115840
2022-02-17,36.13,37.43,35.41,35.71,22095553.0,36.232,111358
2022-02-18,35.52,36.33,34.67,34.68,21741752.0,35.182,107521
2022-02-22,34.21,35.1,33.28,33.68,23974735.0,33.975,117791
2022-02-23,33.89,34.21,32.3,32.39,22511685.0,32.983,105470
2022-02-24,29.97,34.95,29.71,34.87,35279046.0,32.916,162049
2022-02-25,34.84,35.28,34.01,34.98,19162659.0,34.804,102916
2022-02-28,35.26,36.31,34.98,36.03,25212500.0,35.73,136376
2022-03-01,35.45,35.6,33.65,33.89,26293264.0,34.384,131860
2022-03-02,34.0,34.22,32.97,34.04,19701995.0,33.776,99698
2022-03-03,34.22,34.3,31.41,31.72,31166226.0,32.265,141224
2022-03-04,31.5,31.73,29.27,29.83,45373108.0,30.081,206033
2022-03-07,31.48,31.94,28.55,28.57,48174764.0,29.727,211964
2022-03-08,28.51,31.57,28.27,30.74,45341857.0,30.559,205665
2022-03-09,31.75,32.73,31.2,31.5,28846744.0,31.668,134002
2022-03-10,30.86,31.15,29.84,30.41,26086256.0,30.383,122018
2022-03-11,31.3,31.39,30.42,30.76,25066742.0,30.87,115788
2022-03-14,30.51,30.55,28.8,29.27,30253814.0,29.508,143441
2022-03-15,29.52,30.41,29.06,29.8,25738113.0,29.705,119942
2022-03-16,30.53,32.64,30.27,32.61,29234869.0,31.884,142230
2022-03-17,32.34,32.92,31.57,32.85,19436656.0,32.39,102358
2022-03-18,32.52,33.42,32.33,33.36,22557673.0,32.994,111853
2022-03-21,32.82,32.82,31.25,31.98,27481357.0,31.871,132353
2022-03-22,31.93,33.6,31.84,33.35,17260149.0,33.001,84450
2022-03-23,32.71,33.68,32.57,33.06,14219112.0,33.132,67553
2022-03-24,34.74,34.95,33.44,34.7,41644117.0,34.354,155016
2022-03-25,34.55,34.92,33.55,34.06,22394760.0,33.987,90193
2022-03-28,34.14,34.91,33.73,34.77,15064608.0,34.311,67743
2022-03-29,35.57,37.45,35.57,37.19,32399251.0,36.87,141444
2022-03-30,36.66,37.09,36.2,36.58,19070446.0,36.494,84555
2022-03-31,36.5,36.73,35.37,35.68,15398769.0,35.797,70798
2022-04-01,35.68,36.48,35.4,35.98,14066348.0,35.913,64965
2022-04-04,36.4,36.93,36.21,36.51,15405543.0,36.638,79082
2022-04-05,36.35,36.61,34.72,34.96,15837542.0,35.223,75598
2022-04-06,33.86,34.0,32.55,33.41,24779977.0,33.28,114014
2022-04-07,33.34,33.34,31.02,32.27,28764224.0,31.987,126463
2022-04-08,31.92,32.56,31.58,32.05,14801597.0,32.177,67315
2022-04-11,31.36,32.69,31.11,32.04,15653358.0,32.095,73335
2022-04-12,32.4,33.1,31.71,31.99,22602499.0,32.214,116176
2022-04-13,32.0,33.11,31.93,32.63,14833713.0,32.694,72540
2022-04-14,32.86,33.47,32.64,32.68,14618274.0,33.001,75970
2022-04-18,32.55,32.61,31.42,31.79,18477762.0,31.858,81032
2022-04-19,32.16,33.99,31.97,33.8,19743207.0,33.387,89402
2022-04-20,33.99,34.32,33.18,33.21,18093098.0,33.488,82358
2022-04-21,34.25,34.41,31.37,31.68,28636005.0,32.33,126030
2022-04-22,31.62,32.23,30.8,30.83,19416474.0,31.339,89866
2022-04-25,30.59,32.5,30.46,32.44,24059144.0,31.864,121864
2022-04-26,32.04,32.2,31.0,31.33,22454278.0,31.649,106375
2022-04-27,31.1,31.98,30.16,30.68,24091850.0,30.926,116742
2022-04-28,31.0,32.87,30.98,32.82,25564034.0,31.905,122782
2022-04-29,32.52,33.15,31.41,31.48,18939011.0,32.108,91272
2022-05-02,31.24,31.35,29.51,30.39,37622011.0,30.219,175864
2022-05-03,30.15,30.59,28.85,29.47,40564208.0,29.41,170448
2022-05-04,27.41,28.4,25.9,28.1,92151931.0,26.93,335288
2022-05-05,27.87,28.83,26.2,26.83,46961351.0,27.009,197210
2022-05-06,26.84,26.84,24.75,26.07,47833587.0,25.965,221314
2022-05-09,25.41,26.07,22.8,23.05,50740759.0,24.118,207996
2022-05-10,23.85,24.55,22.8,23.67,39124337.0,23.633,156104
2022-05-11,23.28,24.15,22.5,22.57,39383113.0,23.175,170437
2022-05-12,22.15,24.06,21.69,23.29,48835754.0,22.968,215421
2022-05-13,23.78,24.88,23.68,24.39,45667403.0,24.258,183285
2022-05-16,24.31,24.46,23.41,23.59,22554025.0,23.825,105761
2022-05-17,24.32,24.9,23.59,24.2,25239122.0,24.053,109385
2022-05-18,23.98,24.19,22.34,22.46,30937917.0,22.986,126717
2022-05-19,22.29,23.81,22.2,23.24,30987502.0,23.183,132811
2022-05-20,23.81,24.1,22.41,23.35,25205382.0,23.163,114519
2022-05-23,23.32,23.83,22.71,23.78,26949854.0,23.427,112717
2022-05-24,23.69,23.74,21.41,21.55,35511021.0,21.953,150774
2022-05-25,21.71,22.36,21.27,22.04,26000461.0,21.942,106372
2022-05-26,22.15,23.28,21.92,23.1,26299003.0,22.942,104503
2022-05-27,23.49,24.13,23.33,23.67,24416119.0,23.627,95065
2022-05-31,23.5,23.9,23.03,23.2,24453073.0,23.421,97131
2022-06-01,23.53,23.87,22.56,22.94,23174274.0,23.139,97390
2022-06-02,23.21,24.83,22.94,24.74,26329548.0,24.201,105326
2022-06-03,24.17,24.5,23.72,24.15,20404520.0,24.091,90229
2022-06-06,24.86,25.44,24.28,24.73,25461589.0,24.828,105763
2022-06-07,24.2,25.7,24.07,25.3,23957137.0,25.087,93335
2022-06-08,25.7,26.55,25.3,25.83,26718587.0,25.902,100004
2022-06-09,25.94,26.69,25.35,25.44,35043074.0,25.871,141937
2022-06-10,24.8,24.98,23.65,23.72,24633488.0,24.059,104093
2022-06-13,22.22,22.59,21.34,21.57,27603184.0,21.779,109784
2022-06-14,21.72,21.96,20.89,21.09,25588074.0,21.29,109605
2022-06-15,21.34,22.39,21.24,22.03,26266022.0,21.83,119023
2022-06-16,21.04,21.4,20.15,20.47,33595929.0,20.509,132721
2022-06-17,20.37,21.96,20.37,21.81,30212744.0,21.39,124033
2022-06-21,22.04,22.46,21.69,21.76,27924716.0,21.967,94944
2022-06-22,21.41,22.21,21.3,21.5,24792284.0,21.699,109510
2022-06-23,21.63,22.44,21.39,22.37,23258017.0,21.947,95271
2022-06-24,22.48,23.19,22.3,23.03,23540100.0,22.906,100333
2022-06-27,23.45,23.64,22.34,22.86,22956910.0,22.761,89758
2022-06-28,22.97,23.46,22.04,22.08,19597629.0,22.502,77945
2022-06-29,22.11,22.15,21.08,21.47,26639931.0,21.462,103826
2022-06-30,21.11,21.13,19.89,20.46,25712307.0,20.536,94045
2022-07-01,20.7,21.37,20.43,21.34,16552549.0,20.973,70479
2022-07-05,21.17,22.55,20.83,22.52,20002446.0,22.041,83722
2022-07-06,21.5,22.08,21.32,21.5,28604898.0,21.645,105898
2022-07-07,21.64,22.76,21.61,22.74,18351490.0,22.297,69475
2022-07-08,22.43,22.96,21.83,22.34,17124207.0,22.432,63704
2022-07-11,21.95,22.25,21.14,21.19,14381777.0,21.448,57863
2022-07-12,21.28,21.78,20.97,21.57,13449240.0,21.422,52203
2022-07-13,20.93,21.61,20.72,21.5,16340358.0,21.228,64173
2022-07-14,21.25,21.47,20.59,20.65,21402893.0,20.889,73682
2022-07-15,21.0,21.78,20.76,21.67,20418198.0,21.289,74227
2022-07-18,22.17,23.2,22.11,22.58,24738684.0,22.804,92876
2022-07-19,22.75,23.08,22.19,22.67,19510828.0,22.666,72103
2022-07-20,22.89,24.22,22.8,24.12,24097220.0,23.823,87798
2022-07-21,24.02,24.25,23.6,24.23,15132946.0,24.017,69220
2022-07-22,24.33,24.81,23.08,23.3,16773590.0,23.674,64111
2022-07-25,23.27,23.54,22.63,23.35,10771244.0,23.216,41978
2022-07-26,23.15,23.15,22.45,22.55,18199943.0,22.668,62623
2022-07-27,23.0,23.32,22.49,23.09,24646298.0,22.927,87979
2022-07-28,22.89,23.42,22.14,23.31,19821755.0,22.891,74410
2022-07-29,23.18,23.49,22.39,23.45,24551761.0,23.13,86831
2022-08-01,23.43,24.62,22.88,24.6,40925910.0,23.956,144446
2022-08-02,28.49,29.43,27.1,29.25,88759437.0,28.512,300318
2022-08-03,29.72,31.43,29.36,30.19,53223503.0,30.315,202626
2022-08-04,29.7,32.23,29.6,31.85,48779150.0,31.403,192363
2022-08-05,31.2,32.63,31.04,32.01,34373205.0,32.035,147208
2022-08-08,32.33,32.96,31.66,31.85,24222748.0,32.197,96912
2022-08-09,31.37,31.55,30.72,31.06,23153621.0,31.005,98201
2022-08-10,32.44,33.19,32.23,32.8,27190469.0,32.774,116638
2022-08-11,33.16,33.36,32.04,32.24,20070279.0,32.588,84475
2022-08-12,32.59,32.76,31.7,32.47,17607654.0,32.185,71771
2022-08-15,32.1,32.91,31.93,32.49,11228721.0,32.381,51861
2022-08-16,32.08,32.73,31.33,32.38,21406591.0,32.08,95619
2022-08-17,31.65,31.71,30.44,30.72,20586726.0,30.846,85987
2022-08-18,30.56,30.62,29.86,30.15,17107723.0,30.165,74404
2022-08-19,29.5,29.57,28.63,29.01,20401422.0,28.953,91572
2022-08-22,28.34,28.81,27.87,28.0,16884781.0,28.094,67896
2022-08-23,28.06,28.68,27.75,27.81,20403927.0,28.028,80316
2022-08-24,27.93,29.22,27.85,28.71,16268439.0,28.768,59695
2022-08-25,28.89,29.64,28.81,29.62,12316507.0,29.334,51762
2022-08-26,29.51,29.71,28.36,28.58,13650756.0,28.76,61595
2022-08-29,28.1,29.19,28.06,28.74,12104486.0,28.887,54728
2022-08-30,29.18,29.29,28.12,28.71,16468814.0,28.484,69094
2022-08-31,29.11,29.88,28.75,28.76,14761043.0,29.156,61643
2022-09-01,28.17,28.95,27.69,28.92,14706475.0,28.195,64761
2022-09-02,29.5,29.64,28.64,29.05,11698478.0,29.127,49755
2022-09-06,29.34,29.37,28.28,28.89,15342047.0,28.856,71885
2022-09-07,28.91,30.15,28.82,30.03,16405889.0,29.625,67857
2022-09-08,29.42,30.9,29.29,30.68,25014069.0,30.317,99660
2022-09-09,31.0,32.05,30.89,31.78,23307415.0,31.683,94388
2022-09-12,31.95,32.62,31.85,32.5,25404072.0,32.294,92343
2022-09-13,30.69,31.78,30.22,31.32,21459515.0,31.136,81340
2022-09-14,31.19,33.14,31.1,33.05,25575983.0,32.287,97053
2022-09-15,32.95,34.33,32.74,33.13,32859464.0,33.549,129582
2022-09-16,30.96,32.15,30.88,31.93,28624642.0,31.645,113097
2022-09-19,31.44,31.98,31.06,31.49,19013543.0,31.505,75803
2022-09-20,31.49,32.56,31.19,31.49,20210046.0,31.809,74428
2022-09-21,31.45,31.68,30.35,30.47,18015429.0,30.909,78505
2022-09-22,30.19,30.19,28.53,28.58,23695749.0,29.043,88541
2022-09-23,28.01,28.34,27.36,27.82,21929791.0,27.883,92438
2022-09-26,27.71,28.16,26.82,26.89,17446174.0,27.395,71108
2022-09-27,27.67,28.49,27.16,27.57,16833224.0,27.71,67263
2022-09-28,27.43,28.16,27.19,28.04,15423399.0,27.749,63651
2022-09-29,27.66,27.72,26.0,26.42,21411589.0,26.524,83619
2022-09-30,26.16,27.31,26.16,26.5,18710635.0,26.918,78351
2022-10-03,26.76,26.9,25.96,26.72,16397956.0,26.573,70827
2022-10-04,27.63,29.25,27.59,29.19,20147954.0,28.624,80156
2022-10-05,28.48,29.65,28.31,29.18,17149384.0,29.094,65795
2022-10-06,29.2,30.24,28.96,29.73,19366979.0,29.716,74641
2022-10-07,28.83,28.86,27.92,28.07,16253869.0,28.232,70913
2022-10-10,28.24,28.45,27.23,27.53,10348159.0,27.734,45531
2022-10-11,25.52,26.05,22.94,24.66,80143682.0,24.693,273355
2022-10-12,25.05,26.12,24.56,25.98,26630306.0,25.525,90103
2022-10-13,24.47,26.03,24.19,25.0,28168929.0,25.191,102288
2022-10-14,25.65,26.07,24.66,24.71,19328231.0,25.188,79306
2022-10-17,25.26,26.27,25.08,25.94,19478695.0,25.87,79877
2022-10-18,27.07,27.71,26.49,27.61,19622133.0,27.247,89373
2022-10-19,27.06,27.73,26.85,27.53,12652572.0,27.382,52309
2022-10-20,27.32,28.68,27.24,27.87,15425041.0,27.991,63563
2022-10-21,27.5,28.44,27.16,28.02,17123718.0,27.882,66063
2022-10-24,27.71,27.98,26.51,27.65,15779486.0,27.266,66852
2022-10-25,28.0,28.55,27.33,28.36,14250537.0,28.222,62665
2022-10-26,28.17,28.99,27.86,28.2,13715489.0,28.378,60470
2022-10-27,28.4,28.76,27.66,27.82,13395356.0,28.069,60831
2022-10-28,27.81,27.88,26.49,27.5,23617326.0,27.182,100653
2022-10-31,27.61,27.73,26.3,26.57,31005521.0,26.763,140324
2022-11-01,30.07,31.0,29.12,29.75,74717633.0,30.203,240065
2022-11-02,29.57,30.16,28.63,28.81,29803741.0,29.413,136684
2022-11-03,28.03,29.52,27.71,28.73,23798341.0,28.742,99970
2022-11-04,29.44,29.73,28.04,28.39,17586462.0,28.724,80014
2022-11-07,28.71,28.83,27.61,27.69,14961934.0,27.998,65896
2022-11-08,27.57,28.33,26.82,27.44,22998180.0,27.587,97688
2022-11-09,27.31,28.01,26.44,26.55,15485893.0,26.895,72408
2022-11-10,28.38,29.32,28.1,28.85,29775609.0,28.696,130342
2022-11-11,28.95,30.44,28.7,29.15,31020598.0,29.578,133633
2022-11-14,28.85,29.7,28.79,29.07,16542437.0,29.202,70112
2022-11-15,30.25,31.82,30.0,31.57,34735413.0,31.238,144948
2022-11-16,30.95,31.16,29.83,30.04,19288823.0,30.334,83432
2022-11-17,29.1,29.5,28.4,28.88,19553137.0,28.88,82974
2022-11-18,29.21,29.41,28.7,28.96,10787291.0,28.904,51130
2022-11-21,28.52,28.71,28.01,28.25,11064874.0,28.286,49146
2022-11-22,28.27,28.33,27.31,28.08,15273314.0,27.834,61539
2022-11-23,28.36,28.94,28.14,28.79,10882841.0,28.605,45553
2022-11-25,28.71,28.88,28.24,28.5,4041450.0,28.49,17867
2022-11-28,28.11,28.66,27.73,27.76,8174461.0,28.09,34761
2022-11-29,28.05,28.23,27.58,27.76,9861259.0,27.822,42472
2022-11-30,27.8,29.14,27.64,29.14,12956984.0,28.32,56838
2022-12-01,29.26,29.6,28.3,28.34,14089992.0,28.686,55892
2022-12-02,27.38,28.78,27.19,28.75,12539252.0,28.13,54076
2022-12-05,28.41,28.86,27.65,27.7,14112189.0,28.169,59411
2022-12-06,27.7,27.86,26.7,26.92,16413098.0,27.104,71839
2022-12-07,26.61,26.87,26.02,26.4,17313688.0,26.394,77271
2022-12-08,26.52,27.03,26.27,26.45,11751441.0,26.634,52416
2022-12-09,26.4,26.96,26.24,26.55,10450224.0,26.657,46144
2022-12-12,26.42,27.23,26.11,27.03,12415606.0,26.872,57305
2022-12-13,28.03,28.46,26.91,26.98,19207923.0,27.511,91296
2022-12-14,27.07,27.82,26.77,27.47,14760718.0,27.319,67823
2022-12-15,26.98,27.11,25.88,26.24,15403483.0,26.337,63178
2022-12-16,26.06,26.45,25.66,25.97,15087946.0,25.992,68498
2022-12-19,26.02,26.02,24.69,24.95,24363652.0,25.032,102476
2022-12-20,24.72,25.28,24.61,24.96,18026387.0,24.925,87808
2022-12-21,25.15,25.67,24.87,25.36,17153257.0,25.384,68315
2022-12-22,24.93,25.1,24.04,24.64,13154138.0,24.434,57346
2022-12-23,24.46,24.73,24.16,24.64,8784635.0,24.539,38842
2022-12-27,24.29,24.7,23.9,24.4,12787830.0,24.378,53533
2022-12-28,24.21,24.72,24.02,24.59,13170526.0,24.483,59506
2022-12-29,24.75,25.38,24.29,24.91,15081304.0,24.934,63012
2022-12-30,24.42,24.85,24.24,24.73,17362552.0,24.52,70495
2023-01-03,25.37,25.75,25.02,25.36,17103096.0,25.332,67262
2023-01-04,25.73,25.97,25.32,25.91,11429463.0,25.71,44007
2023-01-05,25.73,26.01,25.55,25.55,7329234.0,25.766,33318
2023-01-06,25.86,26.54,25.4,26.4,15851117.0,26.118,63332
2023-01-09,27.3,28.05,27.15,27.4,19063622.0,27.618,82394
2023-01-10,27.4,28.25,27.15,28.04,12292943.0,27.901,55330
2023-01-11,28.24,28.52,27.92,28.35,12853722.0,28.282,53068
2023-01-12,28.85,29.19,28.2,29.03,14900226.0,28.791,54705
2023-01-13,28.68,29.5,28.66,29.44,11366814.0,29.186,47651
2023-01-17,29.44,29.78,28.95,29.2,15123324.0,29.257,59089
2023-01-18,29.95,30.09,28.88,28.96,16783990.0,29.28,69729
2023-01-19,28.47,29.29,28.34,29.03,13009337.0,28.843,57377
2023-01-20,29.3,30.39,29.12,30.36,18469254.0,30.085,81762
2023-01-23,30.63,31.11,30.26,30.53,16322133.0,30.724,74307
2023-01-24,25.71,31.2,25.71,29.93,11527971.0,30.092,51969
2023-01-25,29.22,30.4,28.8,30.29,12372734.0,29.561,55624
2023-01-26,30.53,30.65,29.31,30.02,19506030.0,29.799,75724
2023-01-27,29.7,30.6,29.5,30.36,14956339.0,30.226,69133
2023-01-30,30.2,30.54,29.59,29.63,14610750.0,29.958,62233
2023-01-31,29.75,30.96,29.74,30.93,11547416.0,30.656,48130
2023-02-01,30.87,31.85,30.64,31.49,16663690.0,31.217,69003
2023-02-02,32.42,33.47,32.42,33.05,26713934.0,33.013,102885
2023-02-03,32.17,33.95,32.15,33.09,21533497.0,33.33,96594
2023-02-06,33.53,34.21,32.9,33.9,28925981.0,33.677,112065
2023-02-07,33.66,35.06,33.41,34.9,46499908.0,34.319,181084
2023-02-08,37.43,37.58,34.5,36.83,94510401.0,36.104,307658
2023-02-09,36.86,37.36,35.65,35.89,36240417.0,36.429,145171
2023-02-10,34.4,35.4,34.05,34.3,36076222.0,34.535,124403
2023-02-13,34.5,34.52,33.35,33.44,28228813.0,33.964,116691
2023-02-14,33.11,35.36,32.72,35.23,33605141.0,34.401,139196
2023-02-15,35.01,36.24,34.71,36.23,26911696.0,35.556,117508
2023-02-16,35.6,36.73,35.45,36.22,24010878.0,36.271,107134
2023-02-17,35.96,36.23,34.57,34.77,20991913.0,35.068,88698
2023-02-21,33.78,34.39,33.49,34.2,18565704.0,34.067,84127
2023-02-22,34.41,35.17,34.22,34.54,15876438.0,34.51,68895
2023-02-23,34.79,34.8,33.7,34.47,16104930.0,34.188,70521
2023-02-24,33.7,33.92,33.02,33.4,14826702.0,33.374,62379
2023-02-27,33.68,33.85,33.06,33.55,15268098.0,33.452,61722
2023-02-28,33.75,34.0,33.16,33.26,12835701.0,33.495,60602
2023-03-01,33.43,33.58,32.89,32.99,11294583.0,33.098,54615
2023-03-02,32.54,33.8,32.23,33.69,12876871.0,33.276,57505
2023-03-03,34.0,34.59,33.8,34.57,12563721.0,34.28,54860
2023-03-06,34.59,35.11,33.85,33.88,15873880.0,34.468,68597
2023-03-07,33.85,35.0,33.6,34.14,18331075.0,34.257,87994
2023-03-08,34.01,34.63,33.52,34.01,12343172.0,34.175,61247
2023-03-09,34.41,34.52,32.28,32.32,22508658.0,33.233,105060
2023-03-10,32.0,32.04,30.77,31.11,26333666.0,31.29,133732
2023-03-13,30.59,31.09,29.97,30.82,20167542.0,30.722,104726
2023-03-14,32.94,33.42,32.16,32.36,26176388.0,32.663,128449
2023-03-15,31.83,32.24,31.38,31.97,17318607.0,31.818,90734
2023-03-16,31.59,32.9,31.55,32.73,16161261.0,32.418,85676
2023-03-17,32.38,32.47,31.51,31.78,17193344.0,31.833,86176
2023-03-20,31.6,32.36,31.46,31.93,10919585.0,31.879,60677
2023-03-21,32.33,33.14,32.23,32.86,13570689.0,32.791,65163
2023-03-22,32.58,32.72,31.5,31.52,19687295.0,32.035,86150
2023-03-23,31.88,32.21,30.75,31.18,13507105.0,31.488,63285
2023-03-24,30.94,31.15,30.29,30.75,11396902.0,30.69,58657
2023-03-27,31.03,31.04,30.14,30.62,12549202.0,30.615,60412
2023-03-28,30.53,30.86,29.98,30.07,15495747.0,30.361,69297
2023-03-29,30.62,30.9,30.2,30.87,13804248.0,30.665,60056
2023-03-30,31.5,31.85,30.88,31.19,12076948.0,31.3,55384
2023-03-31,31.42,31.85,31.21,31.7,10166494.0,31.587,42011
2023-04-03,31.5,31.76,31.16,31.46,15041870.0,31.487,70152
2023-04-04,31.94,32.13,31.28,31.39,10183260.0,31.628,48848
2023-04-05,30.95,31.24,30.47,31.12,14172285.0,30.842,67455
2023-04-06,30.93,31.49,30.5,31.18,11523137.0,31.105,51352
2023-04-10,30.96,31.79,30.61,31.74,12904009.0,31.375,60976
2023-04-11,31.75,31.8,30.88,31.12,13940035.0,31.274,64302
2023-04-12,31.19,31.45,30.4,30.59,12840043.0,30.77,59680
2023-04-13,30.84,31.59,30.69,31.44,12316453.0,31.276,57068
2023-04-14,31.31,31.62,30.93,31.48,9309644.0,31.252,45939
2023-04-17,32.19,32.19,31.63,32.08,20422363.0,31.913,83136
2023-04-18,32.37,32.93,31.61,31.73,15605063.0,32.164,61743
2023-04-19,31.35,32.37,31.16,32.04,10883118.0,31.892,47436
2023-04-20,31.52,32.04,31.4,31.5,9400239.0,31.71,41958
2023-04-21,31.36,31.46,29.71,30.83,35401944.0,30.651,153509
2023-04-24,30.68,31.06,30.23,30.68,10909010.0,30.564,50063
2023-04-25,30.34,30.47,29.55,29.59,17019366.0,29.916,77365
2023-04-26,29.7,30.12,29.46,29.68,10764560.0,29.793,47722
2023-04-27,30.07,30.17,29.22,29.7,23300209.0,29.731,98465
2023-04-28,29.62,31.27,29.41,31.05,20742885.0,30.739,89657
2023-05-01,32.0,33.0,31.76,32.74,39222801.0,32.627,171655
2023-05-02,35.02,36.63,34.23,36.52,86597290.0,35.591,309664
2023-05-03,36.75,38.35,36.35,37.84,58845280.0,37.709,256985
2023-05-04,37.48,37.8,36.68,37.49,38773869.0,37.327,170927
2023-05-05,37.48,37.95,36.87,37.75,21026153.0,37.557,94085
2023-05-08,37.82,38.93,37.48,38.83,27256207.0,38.509,109241
2023-05-09,38.49,38.58,37.9,38.19,15761672.0,38.219,71689
2023-05-10,38.6,38.95,38.16,38.79,16367358.0,38.644,73156
2023-05-11,38.64,39.18,38.34,38.42,13180990.0,38.686,59877
2023-05-12,38.64,39.23,38.2,38.45,17301818.0,38.571,75173
2023-05-15,38.34,38.48,37.99,38.14,14072877.0,38.23,67369
2023-05-16,37.93,38.15,37.44,37.44,16315209.0,37.718,78961
2023-05-17,37.73,37.96,37.36,37.84,16625694.0,37.674,76611
2023-05-18,37.98,39.49,37.76,39.25,21044520.0,39.055,90708
2023-05-19,39.25,39.49,38.91,39.18,15318416.0,39.204,70508
2023-05-22,39.13,40.5,39.07,39.17,22372694.0,39.721,93918
2023-05-23,38.99,39.65,38.51,38.66,15033816.0,39.025,72948
2023-05-24,38.05,38.66,37.77,37.96,16985463.0,38.035,79789
2023-05-25,38.48,38.59,37.52,37.95,10577916.0,37.928,50374
2023-05-26,38.24,38.76,38.22,38.45,12083867.0,38.492,57279
2023-05-30,38.69,39.06,37.56,37.56,13564565.0,37.995,69235
2023-05-31,37.22,38.05,37.07,37.93,15545560.0,37.632,78425
2023-06-01,37.5,38.5,37.26,38.48,13672673.0,38.031,68204
2023-06-02,39.0,39.89,39.0,39.73,17064036.0,39.486,78223
2023-06-05,39.5,40.79,39.46,40.42,20117789.0,40.387,92282
2023-06-06,40.25,40.73,39.93,40.25,11822801.0,40.333,55899
2023-06-07,40.24,40.25,38.61,38.99,18937900.0,39.113,92403
2023-06-08,39.18,40.63,39.04,40.26,16699570.0,40.119,82140
2023-06-09,40.05,41.0,40.02,40.99,18612529.0,40.565,82837
2023-06-12,41.26,41.75,41.06,41.74,12549474.0,41.434,56559
2023-06-13,41.75,41.83,40.89,41.41,13074784.0,41.413,58344
2023-06-14,41.3,41.59,40.57,41.27,11724002.0,41.067,56197
2023-06-15,41.02,43.75,40.94,43.36,33755128.0,43.025,141167
2023-06-16,43.04,43.67,42.53,43.52,17771897.0,43.329,84984
2023-06-20,42.77,43.47,42.02,42.17,15654231.0,42.458,75248
2023-06-21,42.5,43.22,41.77,42.66,16238134.0,42.47,71934
2023-06-22,42.3,43.87,42.21,42.81,15783013.0,43.227,69284
2023-06-23,42.59,43.76,42.33,43.34,15172271.0,43.362,65413
2023-06-26,43.75,45.04,43.68,44.42,27256060.0,44.579,110426
2023-06-27,44.69,44.83,43.75,43.83,24097688.0,44.202,98837
2023-06-28,43.5,45.24,43.32,44.24,21649750.0,44.709,104106
2023-06-29,44.09,44.28,42.11,42.58,23531706.0,42.901,103102
2023-06-30,43.11,43.43,42.92,43.17,12652816.0,43.233,56051
2023-07-03,43.17,43.4,42.58,43.09,5647047.0,43.137,25784
2023-07-05,42.89,43.88,42.89,43.66,12239418.0,43.48,54285
2023-07-06,42.99,43.0,41.87,42.11,15049475.0,42.295,64335
2023-07-07,42.07,43.12,41.94,42.91,11899241.0,42.79,55581
2023-07-10,42.58,43.2,42.44,42.78,13017183.0,42.804,52727
2023-07-11,42.1,44.67,41.74,44.36,27181550.0,43.537,108004
2023-07-12,45.0,45.22,43.97,44.52,17707987.0,44.5,72667
2023-07-13,45.21,45.94,44.62,45.64,16793521.0,45.286,68337
2023-07-14,45.91,46.4,44.56,44.75,18450195.0,45.26,75583
2023-07-17,44.68,45.65,44.5,45.51,18586176.0,45.238,72400
2023-07-18,45.34,47.75,45.34,47.41,36734868.0,47.057,143253
2023-07-19,47.1,47.9,46.55,47.12,17666850.0,47.178,79855
2023-07-20,46.07,47.5,45.86,46.57,18627826.0,46.673,79358
2023-07-21,46.55,47.34,46.28,47.23,16537012.0,46.862,70307
2023-07-24,47.06,47.55,46.84,47.32,12145646.0,47.237,52167
2023-07-25,47.2,47.73,46.93,47.17,11194951.0,47.334,52944
2023-07-26,47.05,47.56,46.62,47.31,11541727.0,47.103,53087
2023-07-27,48.0,48.09,46.35,46.61,12788751.0,47.374,63894
2023-07-28,47.14,48.43,46.71,48.14,14076531.0,47.835,63654
2023-07-31,48.85,49.49,48.15,49.46,30574237.0,49.115,135093
2023-08-01,48.67,49.03,46.01,46.65,65390837.0,46.842,258077
2023-08-02,46.05,47.71,45.67,46.96,29780506.0,46.713,121505
2023-08-03,46.22,47.85,45.79,45.91,20684556.0,46.691,87308
2023-08-04,46.0,46.38,45.02,45.2,21413404.0,45.655,99931
2023-08-07,45.01,45.53,44.38,44.95,16749613.0,44.924,78566
2023-08-08,44.5,45.24,44.08,45.16,11574673.0,44.652,57095
2023-08-09,45.25,45.46,43.84,44.11,15182147.0,44.327,72644
2023-08-10,44.13,45.18,44.09,44.6,13591217.0,44.601,64879
2023-08-11,44.0,44.3,43.31,43.71,13698723.0,43.862,61603
2023-08-14,43.5,44.89,42.95,44.85,11348156.0,44.204,56136
2023-08-15,44.7,44.88,44.01,44.08,10916038.0,44.307,51346
2023-08-16,43.98,44.33,43.4,43.65,12193260.0,43.793,62592
2023-08-17,44.18,44.86,43.91,43.97,17989081.0,44.419,86665
2023-08-18,43.27,44.84,43.19,44.69,11988355.0,44.262,57261
2023-08-21,44.98,45.3,44.01,44.63,11245321.0,44.636,53728
2023-08-22,44.94,45.18,44.02,44.35,10934747.0,44.478,48645
2023-08-23,44.0,45.62,44.0,45.14,11674080.0,45.044,46342
2023-08-24,45.24,45.72,44.64,44.68,12778526.0,45.206,55118
2023-08-25,44.71,44.84,43.08,43.96,15106387.0,43.924,61389
2023-08-28,44.11,44.52,43.71,44.15,8061010.0,44.096,37331
2023-08-29,44.21,45.59,44.12,45.35,8528117.0,45.132,41603
2023-08-30,45.35,46.75,45.3,46.51,16096628.0,46.253,69289
2023-08-31,46.69,47.57,46.52,47.23,12944882.0,47.203,54701
2023-09-01,47.51,47.7,46.83,47.04,10467296.0,47.112,45287
2023-09-05,46.87,47.14,46.3,46.55,11512155.0,46.644,60281
2023-09-06,46.34,46.85,45.61,45.9,9056043.0,45.994,44572
2023-09-07,45.5,46.68,45.25,46.27,12304070.0,46.273,54361
2023-09-08,46.34,47.25,46.27,47.24,13323109.0,46.856,56700
2023-09-11,47.74,48.97,47.65,48.94,15669933.0,48.325,67894
2023-09-12,48.34,49.19,47.9,47.92,15034874.0,48.552,58967
2023-09-13,47.51,48.36,47.28,48.16,9419247.0,48.052,45325
2023-09-14,48.63,48.7,47.8,48.32,9470710.0,48.328,43269
2023-09-15,48.19,48.49,47.27,47.52,10580446.0,47.737,53850
2023-09-18,47.3,47.35,46.48,46.51,10974299.0,46.848,56922
2023-09-19,46.4,47.76,46.21,47.59,15579833.0,47.02,68434
2023-09-20,46.87,47.54,46.4,46.55,16052207.0,47.135,70066
2023-09-21,45.79,45.79,43.93,44.6,21121934.0,44.603,101401
2023-09-22,45.16,45.35,44.03,44.41,12363717.0,44.756,60870
2023-09-25,44.14,45.11,44.11,44.91,6717720.0,44.723,34571
2023-09-26,44.5,45.39,44.04,44.27,8763162.0,44.45,42527
2023-09-27,44.51,45.48,44.44,45.14,11622349.0,45.064,51711
2023-09-28,44.92,46.58,44.92,46.14,14475243.0,46.127,70675
2023-09-29,46.75,46.92,45.85,45.99,10493952.0,46.281,49441
2023-10-02,45.57,46.29,45.1,45.68,10400935.0,45.555,52549
2023-10-03,45.36,45.61,44.32,44.51,8263459.0,44.726,43445
2023-10-04,44.79,45.49,44.18,44.94,9308558.0,44.967,50491
2023-10-05,44.84,44.93,43.65,44.61,10844613.0,44.245,56777
2023-10-06,44.06,45.95,44.06,45.78,10632212.0,45.294,52876
2023-10-09,45.15,45.6,44.58,45.45,9177948.0,45.109,47699
2023-10-10,45.75,47.28,45.55,46.63,11585236.0,46.769,52385
2023-10-11,46.9,47.21,46.26,46.64,10011211.0,46.73,50562
2023-10-12,46.54,47.04,45.6,45.95,13365621.0,46.399,63881
2023-10-13,45.82,46.29,42.75,43.48,22399850.0,43.988,102871
2023-10-16,43.77,45.0,43.46,44.71,16041048.0,44.487,75163
2023-10-17,44.41,45.26,44.05,44.38,12778929.0,44.738,64631
2023-10-18,43.9,44.2,42.91,43.0,12358928.0,43.385,58415
2023-10-19,43.02,43.27,42.18,42.72,12733775.0,42.768,67452
2023-10-20,42.72,43.36,42.26,42.96,11220660.0,42.905,53044
2023-10-23,42.53,43.97,42.25,43.04,8718676.0,43.221,45641
2023-10-24,43.5,44.33,43.38,44.19,14296005.0,43.917,65840
2023-10-25,43.3,43.49,42.06,42.35,13302696.0,42.619,68771
2023-10-26,42.14,42.3,40.09,40.62,19645025.0,40.78,100905
2023-10-27,41.21,42.15,40.8,41.23,13657872.0,41.383,69509
2023-10-30,42.01,43.0,42.01,42.73,16539739.0,42.605,80384
2023-10-31,42.82,43.53,42.2,43.28,13149960.0,43.003,62562
2023-11-01,43.25,44.0,42.91,43.83,13637058.0,43.603,65592
2023-11-02,45.35,46.86,45.25,46.48,20792349.0,46.371,105463
2023-11-03,46.92,48.15,46.63,47.75,17493952.0,47.768,88418
2023-11-06,47.98,48.3,47.43,48.14,21845282.0,47.859,102486
2023-11-07,47.0,50.03,46.68,49.92,65489590.0,48.983,246732
2023-11-08,50.04,50.3,48.9,49.5,31633318.0,49.721,124161
2023-11-09,49.3,50.68,49.02,50.05,23718457.0,50.116,105969
2023-11-10,50.01,52.1,49.9,51.58,22395938.0,51.4,101172
2023-11-13,51.17,52.42,50.72,52.24,17650800.0,51.642,74122
2023-11-14,52.9,54.31,52.39,53.88,24040534.0,53.795,107193
2023-11-15,53.92,54.26,53.16,53.76,17511899.0,53.755,79788
2023-11-16,53.5,54.51,53.15,54.42,17002570.0,54.078,76952
2023-11-17,54.13,54.51,54.01,54.44,12680436.0,54.359,58252
2023-11-20,53.82,55.36,53.76,54.75,21790439.0,54.883,103995
2023-11-21,54.23,55.08,53.89,54.85,20193439.0,54.691,90820
2023-11-22,55.1,55.82,54.96,55.37,13360060.0,55.453,65426
2023-11-24,55.15,55.94,55.07,55.32,8536905.0,55.678,39065
2023-11-27,55.47,56.46,55.29,56.06,13973872.0,56.105,71152
2023-11-28,55.97,56.45,55.69,56.21,15617017.0,56.139,73852
2023-11-29,56.49,57.13,56.14,56.4,18153147.0,56.606,89806
2023-11-30,56.61,56.77,55.53,56.38,19756379.0,56.075,97314
2023-12-01,56.67,57.87,56.25,57.35,20274657.0,57.287,98990
2023-12-04,60.01,60.92,58.57,58.63,69116480.0,59.842,301280
2023-12-05,58.01,58.66,57.7,57.97,30990858.0,58.162,150786
2023-12-06,58.37,59.98,58.36,59.75,24792656.0,59.504,124177
2023-12-07,59.67,61.0,59.52,60.98,24639512.0,60.429,125207
2023-12-08,60.51,62.25,60.51,61.7,21569938.0,61.727,107881
2023-12-11,61.53,62.99,60.94,62.46,23234900.0,62.379,111269
2023-12-12,62.07,63.03,61.83,62.72,20571439.0,62.663,100877
2023-12-13,62.71,62.88,61.45,61.97,32074644.0,61.994,147556
2023-12-14,62.01,62.81,60.61,62.5,34934057.0,61.829,175668
2023-12-15,62.16,63.53,61.41,61.86,58725079.0,62.738,284831
2023-12-18,62.01,62.49,61.33,61.73,20749223.0,61.721,112366
2023-12-19,61.83,62.7,61.69,62.12,17245582.0,62.094,89303
2023-12-20,61.49,62.28,60.62,60.68,20256723.0,61.576,102955
2023-12-21,61.24,61.76,60.82,61.46,12661608.0,61.372,70054
2023-12-22,61.7,62.24,61.28,61.71,11437594.0,61.779,65932
2023-12-26,61.71,62.2,61.31,61.98,8957327.0,61.811,48232
2023-12-27,62.0,63.43,62.0,63.28,13828664.0,62.83,69658
2023-12-28,63.45,63.53,62.83,63.14,9960603.0,63.161,55013
2023-12-29,62.36,63.14,61.3,61.57,15495075.0,61.858,85047
2024-01-02,60.73,60.91,57.93,58.38,25578693.0,58.904,124542
2024-01-03,57.48,58.9,57.33,58.25,17656623.0,58.411,91531
2024-01-04,58.25,58.99,57.73,57.8,12960190.0,58.366,71275
2024-01-05,58.11,58.51,57.22,57.58,13041996.0,57.847,66033
2024-01-08,58.09,59.16,57.85,59.01,14537566.0,58.812,74623
2024-01-09,58.5,60.54,58.45,60.3,16658504.0,60.068,92210
2024-01-10,60.28,62.61,60.28,62.41,23335824.0,61.862,118772
2024-01-11,62.99,63.61,61.86,63.47,21377828.0,62.938,100050
2024-01-12,63.2,64.92,63.0,63.2,20244062.0,63.902,94122
2024-01-16,63.0,64.0,62.92,63.65,13902591.0,63.503,78156
2024-01-17,62.95,63.42,61.68,63.12,13928241.0,62.745,74707
2024-01-18,64.0,65.0,63.38,64.88,15207452.0,64.416,75937
2024-01-19,64.9,65.39,64.41,65.11,15513582.0,64.96,73760
2024-01-22,65.42,65.61,64.15,64.55,11710587.0,64.625,62391
2024-01-23,64.5,64.81,63.69,64.32,10523335.0,64.12,56386
2024-01-24,64.0,64.4,63.22,63.76,12747363.0,63.845,66882
2024-01-25,64.28,66.03,63.71,66.0,17067381.0,65.332,84079
2024-01-26,65.65,66.05,65.29,65.52,9595739.0,65.67,50192
2024-01-29,65.6,67.1,65.56,66.98,11466790.0,66.63,54172
2024-01-30,66.9,67.69,66.22,66.84,13066204.0,66.981,65472
2024-01-31,65.7,66.25,64.84,65.27,11724538.0,65.498,66338
2024-02-01,66.12,66.85,65.59,66.73,8571370.0,66.331,49723
2024-02-02,66.98,68.25,66.51,68.07,14264977.0,67.702,75991
2024-02-05,68.24,69.99,67.85,68.99,20263223.0,69.078,103360
2024-02-06,69.06,70.68,68.44,70.47,25570221.0,69.957,127171
2024-02-07,67.59,71.9,67.26,70.65,32426476.0,70.305,141313
2024-02-08,71.93,73.05,71.19,71.61,16753704.0,71.99,79381
2024-02-09,71.43,72.04,69.69,70.91,16296479.0,70.643,83127
2024-02-12,71.0,71.38,68.73,69.12,13648793.0,69.87,72361
2024-02-13,67.9,69.55,66.71,68.99,15958834.0,68.731,88728
2024-02-14,74.6,79.2,74.31,79.15,54839514.0,77.041,231149
2024-02-15,79.0,81.87,78.28,81.39,31074333.0,80.363,141797
2024-02-16,80.55,80.88,78.11,78.41,18023996.0,79.191,84171
2024-02-20,78.23,78.42,75.82,76.6,17471016.0,76.423,85879
2024-02-21,76.32,77.49,75.87,76.44,10987594.0,76.539,51325
2024-02-22,79.46,79.72,77.51,78.03,12598311.0,78.375,57476
2024-02-23,78.5,78.97,77.72,78.2,11731384.0,78.331,47848
2024-02-26,78.28,78.5,77.3,78.36,11419673.0,77.968,59334
2024-02-27,78.64,79.75,77.81,78.75,10088834.0,78.826,55224
2024-02-28,78.6,78.66,77.42,77.73,8673637.0,77.774,44537
2024-02-29,78.35,79.68,77.93,79.5,8828433.0,78.73,48846
2024-03-01,79.5,81.47,79.32,81.03,13260806.0,80.51,61908
2024-03-04,81.94,82.14,80.79,81.3,11724364.0,81.287,58219
2024-03-05,80.83,80.85,77.43,79.09,14464933.0,78.681,68980
2024-03-06,80.17,80.99,78.53,78.64,9988115.0,79.636,57640
2024-03-07,79.4,80.08,78.26,79.41,10176970.0,79.379,46402
2024-03-08,79.94,81.98,78.21,78.7,12212638.0,79.968,66419
2024-03-11,78.7,78.89,76.53,77.47,9166398.0,77.584,51976
2024-03-12,78.01,78.48,77.48,78.32,7913046.0,78.001,45484
2024-03-13,78.0,79.7,77.93,78.25,8402980.0,78.683,45592
2024-03-14,78.34,78.48,76.9,77.65,7546567.0,77.645,46901
2024-03-15,77.0,77.84,75.77,76.07,13862317.0,76.648,65816
2024-03-18,77.0,77.0,73.66,75.7,13135668.0,75.055,77719
2024-03-19,75.38,77.18,74.19,77.08,8704857.0,75.836,48694
2024-03-20,77.09,78.95,76.75,78.64,8207196.0,77.983,45832
2024-03-21,79.6,81.23,79.09,80.25,11804245.0,80.321,61711
2024-03-22,79.8,80.45,79.2,80.23,5476104.0,79.918,28739
2024-03-25,79.99,81.04,79.39,79.41,7159629.0,80.086,39145
2024-03-26,79.8,80.18,77.78,77.91,8341714.0,78.8,45362
2024-03-27,78.96,79.0,76.85,78.11,9334557.0,77.62,43436
2024-03-28,77.9,78.05,76.89,76.99,8496956.0,77.315,47194
2024-04-01,77.0,77.78,76.0,76.4,8166100.0,76.608,40173
2024-04-02,75.66,77.33,74.97,76.98,10659649.0,76.594,59237
2024-04-03,76.84,78.85,76.54,76.81,15238689.0,77.782,71244
2024-04-04,77.24,77.67,74.48,74.92,12327535.0,76.234,51405
2024-04-05,75.34,78.4,74.92,77.16,16218466.0,77.4,70968
2024-04-08,76.7,76.86,73.95,75.03,16826068.0,75.085,83379
2024-04-09,74.77,75.5,73.33,75.14,9358708.0,74.392,47429
2024-04-10,74.4,75.31,73.53,74.35,9101297.0,74.232,55339
2024-04-11,74.8,76.56,74.7,76.18,8936613.0,75.843,48767
2024-04-12,75.05,75.82,74.49,75.28,7915594.0,75.113,39785
2024-04-15,76.38,76.68,72.88,73.4,11122654.0,74.494,50496
2024-04-16,73.39,74.7,72.7,74.13,11011646.0,73.922,60468
2024-04-17,75.0,75.62,71.04,71.94,11316042.0,72.506,55477
2024-04-18,72.26,72.86,70.64,71.3,13872448.0,71.772,56453
2024-04-19,71.15,71.15,68.38,69.2,16535408.0,69.409,84435
2024-04-22,70.48,70.89,68.48,68.98,19622654.0,69.353,72739
2024-04-23,70.02,71.14,69.62,70.8,11036537.0,70.604,54389
2024-04-24,70.15,70.22,67.36,69.36,20144778.0,68.636,87594
2024-04-25,67.86,70.29,67.38,69.31,14379338.0,69.235,56254
2024-04-26,69.98,70.15,68.7,69.05,9683012.0,69.222,49825
2024-04-29,68.5,68.66,67.2,67.4,14217731.0,67.89,69569
2024-04-30,67.23,68.6,66.07,66.27,15206552.0,67.168,79866
2024-05-01,66.04,69.41,65.86,67.79,15436829.0,67.672,79455
2024-05-02,68.4,69.04,67.62,68.57,13127621.0,68.386,68935
2024-05-03,69.84,70.34,69.03,69.23,11288259.0,69.726,55856
2024-05-06,71.0,73.82,70.83,71.51,17455745.0,71.653,79533
2024-05-07,72.64,72.64,69.8,70.43,17789870.0,70.869,88773
2024-05-08,64.5,67.2,63.83,66.4,68107202.0,65.17,275696
2024-05-09,66.81,68.57,66.75,67.93,20706169.0,67.865,98601
2024-05-10,67.82,67.9,66.4,66.99,12723073.0,67.014,58290
2024-05-13,67.0,67.07,64.72,66.02,14674577.0,65.526,64319
2024-05-14,65.85,66.1,64.75,65.32,14624589.0,65.201,66615
2024-05-15,66.0,66.66,65.22,66.62,11978107.0,66.107,53281
2024-05-16,66.97,67.33,66.0,66.05,13338947.0,66.813,62540
2024-05-17,66.5,66.64,65.52,65.67,10682322.0,65.906,51888
2024-05-20,65.64,65.87,64.3,64.65,11270207.0,64.92,51578
2024-05-21,64.13,64.65,63.81,63.97,11580851.0,64.162,56072
2024-05-22,64.82,66.09,64.52,65.48,14703485.0,65.241,66238
2024-05-23,65.56,65.8,63.25,63.6,14834602.0,64.024,71673
2024-05-24,63.78,64.76,63.62,64.26,7591852.0,64.26,34700
2024-05-28,64.61,64.61,63.1,63.52,10122398.0,63.454,52956
2024-05-29,63.01,65.37,62.91,64.93,12187457.0,64.501,55981
2024-05-30,65.0,65.41,63.72,64.12,9155543.0,64.513,46915
2024-05-31,64.2,64.63,63.14,64.56,7324593.0,63.793,39200
2024-06-03,64.78,64.96,62.93,63.79,11071551.0,63.506,56234
2024-06-04,64.06,65.19,63.7,64.55,9324556.0,64.44,45576
2024-06-05,64.94,66.28,64.21,65.82,12267134.0,65.606,60255
2024-06-06,67.45,69.69,67.33,68.9,20000682.0,68.227,95051
2024-06-07,68.9,69.71,68.11,69.31,10535687.0,69.101,55282
2024-06-10,69.28,69.7,66.56,68.6,15068072.0,68.622,70575
2024-06-11,68.6,69.6,67.76,69.59,9527220.0,68.548,41410
2024-06-12,71.31,73.6,71.0,73.15,19194661.0,72.518,92587
2024-06-13,73.16,73.16,70.24,70.86,12283124.0,71.092,56098
2024-06-14,70.91,71.0,69.32,70.06,7606541.0,69.919,37798
2024-06-17,69.91,70.83,69.83,70.49,9908735.0,70.423,49599
2024-06-18,70.6,71.21,69.89,70.33,6462054.0,70.443,31482
2024-06-20,70.51,71.12,69.73,70.3,6854615.0,70.323,36380
2024-06-21,70.04,70.25,69.23,70.21,8418594.0,69.994,31801
2024-06-24,69.83,71.23,69.75,70.54,7292490.0,70.616,35651
2024-06-25,71.86,72.94,70.22,71.38,13908560.0,71.27,60730
2024-06-26,70.94,71.6,70.55,70.85,5836784.0,71.018,29535
2024-06-27,70.98,71.32,70.07,70.34,6610921.0,70.557,29851
2024-06-28,70.81,73.26,70.77,72.68,10895626.0,72.589,50292
2024-07-01,72.2,72.58,69.4,71.1,9589679.0,70.54,47215
2024-07-02,71.25,71.26,68.88,70.67,10541240.0,70.176,47397
2024-07-03,70.66,72.14,70.5,71.3,5518433.0,71.641,24643
2024-07-05,70.99,71.42,70.38,71.06,4352556.0,70.874,22450
2024-07-08,71.31,71.78,70.75,71.25,4747041.0,71.179,23375
2024-07-09,71.4,72.28,71.13,71.32,6051979.0,71.621,29826
2024-07-10,71.5,71.5,68.38,69.27,10813290.0,69.339,51488
2024-07-11,69.51,73.65,68.85,73.53,20044859.0,71.966,94239
2024-07-12,72.11,73.8,72.11,72.43,9878900.0,72.916,49279
2024-07-15,73.06,73.25,70.76,72.29,10027463.0,71.831,52467
2024-07-16,73.11,75.4,73.11,74.3,12754601.0,74.478,60535
2024-07-17,73.38,73.41,68.55,68.62,20418203.0,69.823,102450
2024-07-18,69.0,69.35,65.81,66.26,16313995.0,66.874,82788
2024-07-19,66.78,67.44,66.1,67.31,8741032.0,67.01,40506
2024-07-22,67.53,68.78,67.08,67.73,9235180.0,67.692,46607
2024-07-23,68.05,69.1,67.28,67.52,6253308.0,68.19,34317
2024-07-24,67.27,67.79,65.78,66.14,10289567.0,66.425,52938
2024-07-25,66.0,69.37,64.4,65.74,17620453.0,66.633,90691
2024-07-26,66.1,66.26,64.18,64.4,11797545.0,64.942,54686
2024-07-29,64.84,65.26,63.72,63.76,9357576.0,64.403,48919
2024-07-30,64.15,64.77,62.61,63.09,9719272.0,63.428,51979
2024-07-31,63.88,65.19,63.66,64.47,13241271.0,64.653,69122
2024-08-01,64.86,65.0,60.76,61.02,14195229.0,61.984,73549
2024-08-02,59.38,59.58,56.86,58.99,19323390.0,58.884,104465
2024-08-05,55.53,58.65,54.84,58.48,22074109.0,57.518,119967
2024-08-06,62.55,65.82,60.5,64.87,39221068.0,63.548,170289
2024-08-07,65.42,68.4,65.26,65.54,22889095.0,67.246,112179
2024-08-08,66.53,69.17,65.95,69.01,13755339.0,68.02,67198
2024-08-09,69.14,69.38,67.75,68.54,8663123.0,68.387,43384
2024-08-12,68.61,69.31,68.02,69.26,7671360.0,68.855,38475
2024-08-13,69.77,71.19,69.38,71.06,11298993.0,70.345,52804
2024-08-14,71.6,72.0,70.61,71.93,7685580.0,71.473,36968
2024-08-15,72.51,73.42,72.29,72.73,9595083.0,72.84,48218
2024-08-16,72.5,73.35,71.75,72.04,7069499.0,72.15,34575
2024-08-19,72.0,74.22,71.79,74.18,9582370.0,73.231,50135
2024-08-20,74.27,74.48,73.28,73.31,7172917.0,73.787,34203
2024-08-21,73.72,74.29,73.06,73.48,5957602.0,73.582,31137
2024-08-22,73.55,74.12,72.67,73.31,6022801.0,73.384,31305
2024-08-23,72.79,74.46,72.35,74.3,10030499.0,73.575,48307
2024-08-26,74.3,74.3,72.11,72.61,7156751.0,72.663,39406
2024-08-27,72.49,73.09,71.8,72.56,4918064.0,72.65,26975
2024-08-28,72.5,72.55,71.02,71.85,5510952.0,71.644,31543
2024-08-29,72.5,73.28,72.13,72.24,6692293.0,72.719,34071
2024-08-30,72.89,73.42,72.06,73.13,5725942.0,72.7,29830
2024-09-03,72.57,73.61,71.21,71.89,8827219.0,72.354,46673
2024-09-04,71.52,72.69,71.3,71.56,4428592.0,71.977,24502
2024-09-05,71.08,72.62,70.92,71.25,5607266.0,71.519,29854
2024-09-06,71.13,72.02,68.72,69.58,7648323.0,69.628,40091
2024-09-09,70.95,71.19,69.63,69.8,5361538.0,70.367,26703
2024-09-10,70.0,70.46,67.64,68.99,12483756.0,68.869,67713
2024-09-11,68.83,70.22,67.12,70.11,10463440.0,68.759,43985
2024-09-12,70.06,70.49,67.85,68.09,11697847.0,68.826,52032
2024-09-13,72.4,72.76,70.94,72.48,22100145.0,71.929,96176
2024-09-16,72.36,72.5,71.04,71.52,8031733.0,71.649,43099
2024-09-17,71.97,73.73,71.31,72.78,10511131.0,72.738,54368
2024-09-18,72.77,74.74,72.19,73.5,8098623.0,73.553,41802
2024-09-19,74.98,76.46,74.56,75.28,12223002.0,75.567,58032
2024-09-20,74.82,75.05,73.45,73.94,8431032.0,74.191,36978
2024-09-23,75.11,75.27,73.78,74.71,5428357.0,74.582,26297
2024-09-24,76.0,77.51,75.97,77.44,10298650.0,76.837,47610
2024-09-25,77.51,78.28,77.08,77.14,8691904.0,77.617,40330
2024-09-26,78.36,78.45,75.13,76.69,9761037.0,76.192,47649
2024-09-27,77.03,77.08,75.7,75.75,4653906.0,76.251,25509
2024-09-30,75.32,75.72,74.25,75.16,6180831.0,75.045,34109
2024-10-01,75.77,75.77,73.84,74.24,5761670.0,74.541,28332
2024-10-02,74.09,74.31,72.79,72.87,7882083.0,73.387,41746
2024-10-03,72.56,73.21,71.9,72.94,7494054.0,72.708,40008
2024-10-04,74.11,74.32,73.22,74.28,7017072.0,73.877,33520
2024-10-07,74.26,75.74,73.73,74.59,9582643.0,74.717,50906
2024-10-08,75.25,77.02,75.06,76.17,12748254.0,76.062,54516
2024-10-09,76.0,77.96,75.95,77.87,13270190.0,77.443,47662
2024-10-10,77.65,78.24,76.9,77.92,11417545.0,77.768,51745
2024-10-11,82.0,87.0,81.86,86.34,44593298.0,84.856,191862
2024-10-14,85.64,86.18,84.18,84.94,10522269.0,84.979,48546
2024-10-15,84.77,84.77,82.65,83.2,10315265.0,83.4,51556
2024-10-16,82.93,83.48,81.62,81.9,8590553.0,82.359,42559
2024-10-17,79.92,80.88,79.41,79.9,18958008.0,80.198,90560
2024-10-18,80.53,80.55,78.8,79.16,10190099.0,79.222,43354
2024-10-21,79.94,80.57,79.55,80.46,7566618.0,80.166,35924
2024-10-22,80.47,81.25,79.98,80.41,6259290.0,80.617,31399
2024-10-23,80.06,80.32,79.36,79.83,5913019.0,79.851,30134
2024-10-24,78.01,78.6,77.14,78.38,10554427.0,77.99,48625
2024-10-25,78.26,78.84,76.96,77.62,8062899.0,77.773,38921
2024-10-28,78.2,78.38,77.47,77.69,5557562.0,77.872,28250
2024-10-29,77.85,79.99,77.77,79.21,9534894.0,79.287,45804
2024-10-30,79.23,80.08,78.82,79.43,9457153.0,79.637,50391
2024-10-31,74.5,74.99,69.87,72.05,46171266.0,71.496,213501
2024-11-01,73.94,74.15,72.25,73.25,25483278.0,73.427,115770
2024-11-04,72.75,74.22,72.66,73.25,9637591.0,73.393,42688
2024-11-05,73.55,74.34,73.24,74.15,7310183.0,73.979,33592
2024-11-06,73.45,74.62,70.74,74.36,19332880.0,72.997,91110
2024-11-07,76.1,76.4,72.74,73.13,15906100.0,73.656,76295
2024-11-08,73.44,73.56,71.55,72.04,13690442.0,72.225,63827
2024-11-11,72.65,73.0,71.34,71.65,14367716.0,72.066,63339
2024-11-12,71.97,72.68,71.2,71.37,11197744.0,71.691,54680
2024-11-13,71.53,72.08,70.55,71.16,9378442.0,71.152,43564
2024-11-14,71.16,72.75,70.76,71.44,10203620.0,71.862,46988
2024-11-15,72.1,73.63,71.76,73.25,17762408.0,72.887,86190
2024-11-18,72.04,72.04,67.8,69.33,34278049.0,68.894,143922
2024-11-19,68.51,69.6,68.2,69.13,15912104.0,68.886,62382
2024-11-20,69.29,70.33,68.95,69.6,11562070.0,69.495,48100
2024-11-21,70.24,70.87,68.8,69.64,20209639.0,69.893,77278
2024-11-22,70.0,71.54,69.35,71.51,9719075.0,70.783,47759
2024-11-25,72.6,73.55,71.83,73.42,9643370.0,72.907,45808
2024-11-26,73.49,73.5,71.34,71.56,9229554.0,71.918,42320
2024-11-27,72.06,72.7,71.01,71.62,8833745.0,71.978,45737
2024-11-29,71.7,72.44,71.52,71.96,3661531.0,72.059,18321
2024-12-02,71.93,73.44,71.47,73.07,7577447.0,72.795,38851
2024-12-03,73.06,73.25,71.24,71.27,8128684.0,71.96,37803
2024-12-04,71.4,72.4,70.65,72.16,12507070.0,71.664,61676
2024-12-05,71.93,72.03,64.28,65.23,61405524.0,66.701,263284
2024-12-06,66.45,67.1,65.2,66.09,26554185.0,66.086,113548
2024-12-09,65.5,66.17,65.06,65.74,19130974.0,65.78,78974
2024-12-10,65.67,65.76,64.64,64.96,17067716.0,65.032,72744
2024-12-11,64.5,64.7,60.23,61.18,56382024.0,61.636,230739
2024-12-12,63.17,63.54,61.25,61.41,33861517.0,62.382,133474
2024-12-13,61.86,62.26,59.74,59.93,37404216.0,60.78,152708
2024-12-16,60.31,61.3,60.12,60.25,28282508.0,60.503,132426
2024-12-17,59.42,61.04,59.33,61.03,26538440.0,60.296,121212
2024-12-18,61.39,63.94,60.85,61.23,33530582.0,62.589,157155
2024-12-19,61.85,62.31,59.98,60.21,20847970.0,60.73,95674
2024-12-20,60.09,61.39,59.75,60.73,14451942.0,60.633,58564
2024-12-23,60.88,62.22,60.76,61.87,10630309.0,61.723,48554
2024-12-24,61.97,61.99,60.88,61.71,5829184.0,61.49,25362
2024-12-26,61.6,61.97,61.16,61.56,7987463.0,61.58,34318
2024-12-27,61.19,61.26,60.02,61.13,9759242.0,60.718,44417
2024-12-30,60.51,61.37,60.12,60.77,10148319.0,60.76,44438
2024-12-31,61.0,61.1,60.17,60.32,10135518.0,60.521,46378
2025-01-02,62.19,63.39,61.31,63.17,18906935.0,62.633,83603
2025-01-03,63.69,65.22,63.44,64.59,21769145.0,64.472,91528
2025-01-06,67.0,67.35,66.04,66.31,24097344.0,66.569,108707
2025-01-07,68.49,68.84,65.95,66.15,23521033.0,66.903,98200
2025-01-08,66.4,66.68,64.12,64.91,18090542.0,64.995,81360
2025-01-10,64.5,66.6,63.96,65.97,21558436.0,65.832,108067
2025-01-13,65.16,67.2,65.02,65.7,17455352.0,66.148,74424
2025-01-14,66.16,66.81,64.62,64.84,15115912.0,65.291,65223
2025-01-15,66.01,67.25,66.01,67.02,13253332.0,66.804,61948
2025-01-16,67.75,69.58,67.64,68.58,21573357.0,68.817,96693
2025-01-17,68.8,69.02,67.23,67.34,19815481.0,68.028,79155
2025-01-21,68.0,68.18,66.85,67.74,14516213.0,67.581,66013
2025-01-22,68.39,68.43,67.5,67.82,13191042.0,68.072,60249
2025-01-23,67.6,68.37,67.24,68.3,10337626.0,67.946,49251
2025-01-24,68.69,69.31,68.4,68.56,10607134.0,68.755,49175
2025-01-27,67.64,69.41,67.37,68.77,14069343.0,68.737,66812
2025-01-28,68.33,69.68,67.16,68.07,18775381.0,68.474,86594
2025-01-29,67.8,68.06,65.82,66.75,20683491.0,66.878,98648
2025-01-30,63.42,67.23,63.42,66.59,24644844.0,65.976,117452
2025-01-31,67.09,67.87,66.33,66.85,10109148.0,67.199,52527
2025-02-03,65.3,68.85,65.17,67.29,17484331.0,67.618,73671
2025-02-04,67.69,70.19,67.69,69.75,24143419.0,69.545,113266
2025-02-05,66.5,66.75,63.5,64.48,56366834.0,64.692,243638
2025-02-06,65.67,70.05,65.54,69.99,36018730.0,68.286,141358
2025-02-07,70.36,76.78,70.13,74.6,64574961.0,74.691,290370
2025-02-10,77.1,78.99,76.8,78.63,32493652.0,78.038,141890
2025-02-11,78.91,79.2,76.6,76.95,20603453.0,77.663,94015
2025-02-12,74.97,80.1,74.15,79.35,24267856.0,78.309,107179
2025-02-13,79.12,80.53,78.51,80.29,14372417.0,79.549,71785
2025-02-14,80.35,80.35,78.87,79.42,10033135.0,79.464,44377
2025-02-18,79.85,81.51,79.75,81.49,12515997.0,80.95,60354
2025-02-19,80.79,81.9,79.26,81.16,10333294.0,80.465,53116
2025-02-20,81.23,81.84,80.06,81.26,9721319.0,80.903,47226
2025-02-21,81.26,82.1,78.36,78.89,15051763.0,79.773,76243
2025-02-24,78.65,78.88,74.85,76.42,17347319.0,76.433,86536
2025-02-25,76.36,76.37,73.53,74.95,13708150.0,74.534,69074
2025-02-26,75.33,76.49,75.31,75.87,7257446.0,75.965,38967
2025-02-27,75.95,77.69,73.71,74.21,16584325.0,75.779,86563
2025-02-28,74.28,76.11,73.58,76.01,10389511.0,75.114,54172
2025-03-03,77.06,77.74,73.68,74.44,11514620.0,75.597,62106
2025-03-04,72.93,76.68,71.6,75.26,16688557.0,74.272,84893
2025-03-05,75.65,76.94,74.93,76.48,8262885.0,75.983,42424
2025-03-06,75.31,77.22,74.74,74.96,11172587.0,75.772,57495
2025-03-07,73.99,76.7,73.78,76.27,12559601.0,75.445,66938
2025-03-10,74.94,75.49,71.97,73.06,14507700.0,73.19,74529
2025-03-11,71.36,74.25,69.57,70.65,17484636.0,71.364,96522
2025-03-12,72.31,72.42,69.55,71.2,11627020.0,70.78,60684
2025-03-13,71.68,72.0,69.36,69.51,9736920.0,70.646,54496
2025-03-14,70.55,71.79,70.33,71.55,8845183.0,71.328,51033
2025-03-17,72.02,73.81,71.77,72.73,14093797.0,73.298,73586
2025-03-18,72.2,72.68,70.48,71.55,10704401.0,71.522,52711
2025-03-19,71.92,73.79,70.73,73.02,8494600.0,72.471,45997
2025-03-20,72.56,75.54,72.46,74.35,10344665.0,74.624,54451
2025-03-21,73.72,76.0,72.77,75.84,11579780.0,74.907,54249
2025-03-24,76.97,77.59,75.44,76.51,11524479.0,76.321,57411
2025-03-25,76.6,76.71,75.05,75.61,10816161.0,75.657,59870
2025-03-26,75.55,75.64,73.22,74.18,8095036.0,74.047,44382
2025-03-27,73.9,75.62,73.53,74.86,8078768.0,74.865,42847
2025-03-28,74.5,74.92,72.38,72.75,7491948.0,73.164,40696
2025-03-31,71.4,73.3,70.5,72.86,8889421.0,72.067,49583
2025-04-01,72.6,73.07,70.83,72.99,12145626.0,72.082,64736
2025-04-02,72.0,75.41,72.0,74.5,9469062.0,74.241,51166
2025-04-03,71.72,72.44,69.76,69.85,16028782.0,70.77,88423
2025-04-04,66.7,67.56,63.94,64.62,24725638.0,65.367,126745
2025-04-07,62.52,67.59,60.63,65.64,23405828.0,64.302,120275
2025-04-08,69.31,70.07,63.5,65.07,16794529.0,66.966,89394
2025-04-09,65.0,73.4,64.95,72.68,20771101.0,69.765,119343
2025-04-10,71.75,72.87,68.34,70.94,15282283.0,70.774,100075
2025-04-11,70.46,72.4,69.33,72.28,9213015.0,71.04,56493
2025-04-14,73.52,73.65,72.23,73.1,7398589.0,73.061,42852
2025-04-15,73.1,74.72,73.1,74.02,8358771.0,73.977,50687
2025-04-16,73.58,74.8,72.05,73.06,9594250.0,73.438,56458
2025-04-17,73.98,75.91,73.76,75.24,13428194.0,75.079,71880
2025-04-21,74.44,75.44,71.27,72.92,14819344.0,72.807,78304
2025-04-22,73.85,75.56,73.35,74.44,11267147.0,74.481,63084
2025-04-23,76.85,77.58,73.23,73.77,14867883.0,74.77,82074
2025-04-24,74.12,78.38,73.86,78.1,16152197.0,77.141,77813
2025-04-25,78.56,80.56,77.47,77.75,14263435.0,78.712,72258
2025-04-28,78.11,78.78,77.04,78.33,8885422.0,78.013,45763
2025-04-29,78.33,79.73,78.03,79.42,7828058.0,78.978,42072
2025-04-30,77.77,81.22,77.3,81.01,10615447.0,79.686,55431
2025-05-01,81.0,81.92,80.67,80.89,12325108.0,81.26,69008
2025-05-02,82.09,84.92,81.8,84.28,15705732.0,84.119,80518
2025-05-05,83.05,86.57,82.97,85.43,17975222.0,85.641,96277
2025-05-06,83.5,86.53,83.1,85.83,20629767.0,85.523,117590
2025-05-07,83.13,85.17,80.12,83.65,34273021.0,83.405,153993
2025-05-08,83.87,84.0,82.0,82.3,16678759.0,82.966,83241
2025-05-09,82.85,84.13,82.32,82.81,11490325.0,82.906,57244
2025-05-12,84.62,88.31,82.22,88.1,27594554.0,85.923,140790
2025-05-13,87.41,92.17,86.93,91.72,25663989.0,90.451,126994
2025-05-14,90.58,91.65,89.68,90.41,20348640.0,90.439,106891
2025-05-15,89.66,91.12,89.24,90.16,13648936.0,89.958,66873
2025-05-16,90.55,92.9,89.71,91.79,14068675.0,91.693,68049
2025-05-19,90.88,92.55,90.56,92.46,11779432.0,91.828,63157
2025-05-20,93.35,93.6,90.61,91.87,14737684.0,92.329,77517
2025-05-21,90.64,91.04,88.0,88.67,17606785.0,89.291,99019
2025-05-22,88.45,89.26,87.88,88.0,10729863.0,88.439,59770
2025-05-23,87.2,88.49,86.7,87.75,11730283.0,87.736,56863
2025-05-27,89.17,89.72,87.89,89.0,11233662.0,88.925,60479
2025-05-28,89.29,89.88,88.12,88.26,8118862.0,88.971,43267
2025-05-29,87.58,87.87,82.96,84.3,28159028.0,84.365,139728
2025-05-30,84.53,84.65,82.54,84.16,15288085.0,83.698,78134
2025-06-02,84.25,84.76,82.64,83.64,11892992.0,83.652,62959
2025-06-03,83.58,83.79,81.86,82.53,15494171.0,82.737,80536
2025-06-04,83.03,84.71,82.99,83.45,13839698.0,83.792,67433
2025-06-05,83.4,85.75,83.08,84.67,24865196.0,84.458,129784
2025-06-06,85.4,86.69,85.03,85.6,16479793.0,85.702,85410
2025-06-09,86.32,87.86,86.2,87.12,15453413.0,87.32,86276
2025-06-10,88.29,88.38,85.6,86.39,13295245.0,86.784,73049
2025-06-11,87.65,87.65,85.94,86.58,9413990.0,86.78,50428
2025-06-12,86.11,86.79,84.87,85.62,10413645.0,85.707,55872
2025-06-13,84.81,85.57,83.37,83.93,11047642.0,84.381,63243
2025-06-16,84.85,86.02,84.71,85.12,7469391.0,85.492,42476
2025-06-17,84.57,85.48,84.24,84.76,7619145.0,84.906,44561
2025-06-18,85.17,86.48,82.31,83.44,17891821.0,84.031,95251
2025-06-20,84.47,85.37,83.62,83.78,12182188.0,84.315,66183
2025-06-23,83.03,85.25,82.47,85.24,11174392.0,83.92,64436
2025-06-24,87.99,92.48,87.91,91.65,26928753.0,90.977,140225
2025-06-25,91.56,92.89,90.6,90.9,11523773.0,91.379,64311
2025-06-26,91.3,94.38,90.88,93.12,16327303.0,92.958,85386
2025-06-27,92.1,92.51,89.97,91.53,14540715.0,91.013,79141
2025-06-30,91.69,93.39,91.52,93.3,8959784.0,92.707,48609
2025-07-01,92.85,93.24,90.31,92.13,10914706.0,91.749,62799
2025-07-02,91.88,94.1,91.55,92.05,9521130.0,92.637,52384
2025-07-03,92.63,94.11,92.61,93.63,5478682.0,93.463,29284
2025-07-07,93.54,97.12,93.54,96.68,21017756.0,96.076,109470
2025-07-08,96.89,97.6,95.11,97.48,13681153.0,96.621,70855
2025-07-09,97.5,97.72,96.1,96.64,9238887.0,96.791,51178
2025-07-10,96.07,97.45,95.12,96.4,9923931.0,96.393,54943
2025-07-11,96.13,96.84,95.27,95.39,7194329.0,96.042,39810
2025-07-14,95.19,95.48,93.56,93.89,9030207.0,94.105,50824
2025-07-15,95.0,95.16,91.85,92.21,12949037.0,92.576,69661
2025-07-16,92.65,92.75,89.81,90.75,11828451.0,90.633,67650
2025-07-17,91.2,91.4,89.9,90.5,11410903.0,90.5,56113
2025-07-18,90.8,91.17,89.4,90.59,9131746.0,90.319,48372
2025-07-21,91.0,91.93,90.52,91.16,8049653.0,91.211,40199
2025-07-22,91.48,92.26,89.88,91.79,7163010.0,91.37,36050
2025-07-23,92.6,92.7,89.86,89.94,12434533.0,90.749,65373
2025-07-24,91.05,93.61,90.87,90.87,16740462.0,92.092,80906
2025-07-25,90.49,91.38,89.5,91.29,9311229.0,90.662,41649
2025-07-28,91.31,92.35,90.24,90.6,7735586.0,90.83,42633
2025-07-29,88.89,89.16,86.36,87.11,17416055.0,87.314,87292
2025-07-30,87.24,87.81,86.47,87.64,9754644.0,87.172,51382
2025-07-31,87.53,88.84,86.61,87.75,10135502.0,88.009,53165
2025-08-01,86.51,87.06,85.42,86.91,9326730.0,86.381,50313
2025-08-04,87.7,88.59,87.41,88.43,10082951.0,88.107,49057
2025-08-05,89.37,90.96,89.05,89.39,16802040.0,90.126,91733
2025-08-06,90.95,90.96,86.3,89.22,24978777.0,88.216,124834
2025-08-07,90.72,92.74,89.16,92.67,20108596.0,90.82,101864
2025-08-08,92.96,94.31,88.91,89.56,18575218.0,91.006,97158
2025-08-11,89.81,91.43,88.92,90.58,11272027.0,90.649,61884
2025-08-12,91.19,92.56,91.14,91.73,7964330.0,91.915,42665
2025-08-13,92.05,92.2,89.91,90.83,11318456.0,90.767,63036
2025-08-14,90.2,92.32,90.1,91.4,9281622.0,91.42,50751
2025-08-15,91.65,93.9,90.86,92.6,10291170.0,92.798,52966
2025-08-18,92.22,94.4,91.89,93.98,9890328.0,93.4,52235
2025-08-19,94.0,96.6,93.85,95.32,13594774.0,95.363,71397
2025-08-20,94.83,94.96,91.44,93.73,10648330.0,92.947,55879
2025-08-21,93.62,95.0,92.81,94.23,6366679.0,93.63,33849
2025-08-22,94.46,97.54,94.29,96.79,11117639.0,96.645,53311
2025-08-25,95.66,97.5,95.12,95.16,6916701.0,96.073,36945
2025-08-26,95.16,96.82,94.36,96.53,7185697.0,95.966,36952
2025-08-27,96.5,96.95,95.33,95.33,6719135.0,96.03,33164
2025-08-28,96.03,96.11,94.08,95.96,6345561.0,95.235,33569
2025-08-29,96.0,96.15,91.61,93.75,13197438.0,92.904,72461
2025-09-02,92.34,93.54,91.92,92.81,7605552.0,92.841,42670
2025-09-03,92.75,94.77,92.18,92.94,7812802.0,93.412,46069
2025-09-04,93.11,93.13,90.93,91.98,9696434.0,92.041,56294
2025-09-05,92.53,92.53,88.84,90.99,14774472.0,90.712,71109
2025-09-08,91.38,94.56,91.38,94.36,12363793.0,93.357,70941
2025-09-09,94.5,95.48,92.77,95.45,7920380.0,94.279,43360
2025-09-10,95.51,96.1,93.71,94.21,10220248.0,94.39,54997
2025-09-11,94.55,96.32,94.0,94.68,10352386.0,95.305,56724
2025-09-12,94.49,96.27,93.71,95.89,8325310.0,95.456,48691
2025-09-15,95.8,98.86,95.52,98.85,12512241.0,97.807,64998
2025-09-16,99.42,99.7,97.02,97.83,10741935.0,98.01,55066
2025-09-17,96.07,97.24,92.12,92.95,30744584.0,93.444,155223
2025-09-18,93.93,95.05,93.21,94.7,16141926.0,94.356,65326
2025-09-19,95.0,98.83,94.9,98.51,19937650.0,97.571,103775
2025-09-22,99.0,101.99,98.5,99.39,18871025.0,100.701,98508
2025-09-23,99.86,100.18,97.64,97.8,8966569.0,98.618,50220
2025-09-24,98.89,99.86,96.93,97.78,7333182.0,97.669,41997
2025-09-25,97.3,97.87,95.9,97.6,6509651.0,97.28,36000
2025-09-26,97.8,98.53,97.03,98.45,5916590.0,97.932,34127
2025-09-29,99.32,100.26,98.58,99.57,9784227.0,99.609,56960
2025-09-30,99.59,99.75,96.65,97.97,9576556.0,97.584,57188
2025-10-01,97.48,99.09,96.57,96.61,8296663.0,97.249,44257
2025-10-02,97.08,97.21,94.76,96.61,9556526.0,95.701,49166
2025-10-03,96.95,98.3,96.46,96.6,6635051.0,97.321,36327
2025-10-06,96.96,101.3,96.89,100.1,14362277.0,99.856,81228
2025-10-07,100.13,100.69,97.0,97.8,7741144.0,98.473,42897
2025-10-08,97.94,99.61,97.2,99.28,6128678.0,98.772,33576
2025-10-09,99.97,100.17,95.83,96.0,8413941.0,97.267,43784
2025-10-10,96.3,96.45,93.33,93.4,10486247.0,94.472,59936
2025-10-13,95.0,95.25,93.43,94.08,6045549.0,94.382,34401
2025-10-14,93.78,95.18,92.46,94.25,5841274.0,94.223,34083
2025-10-15,95.86,96.99,93.79,94.52,8224499.0,94.955,37976
2025-10-16,94.44,95.46,91.18,92.52,11332087.0,92.59,59926
2025-10-17,92.0,92.83,91.46,92.3,8261416.0,92.088,41356
2025-10-20,93.0,94.5,92.85,93.7,6400422.0,93.838,35607
2025-10-21,93.59,94.55,92.97,93.03,5254016.0,93.749,28017
2025-10-22,92.77,93.42,91.42,92.21,7163726.0,92.285,36115
2025-10-23,92.5,95.7,92.4,94.61,11713424.0,94.26,59171
2025-10-24,95.15,95.26,93.9,94.07,7358065.0,94.646,35907
2025-10-27,94.91,96.66,94.53,96.42,7670043.0,95.763,42072
2025-10-28,96.77,97.73,95.41,95.43,11093786.0,96.641,53856
2025-10-29,96.24,96.89,94.53,95.76,9541665.0,95.833,44206
2025-10-30,95.41,97.62,94.56,96.49,8649110.0,96.552,43383
2025-10-31,97.46,98.45,96.15,96.5,8029720.0,97.019,43259
2025-11-03,97.66,100.35,96.78,99.72,17232492.0,98.92,89863
2025-11-04,91.97,95.03,90.08,94.67,32169800.0,93.11,156271
2025-11-05,95.03,95.44,92.52,92.75,12747453.0,93.593,67750
2025-11-06,92.0,92.77,90.82,92.12,9670562.0,91.895,53359
2025-11-07,91.61,93.17,90.29,91.99,9804147.0,91.44,53742
2025-11-10,92.99,94.31,92.25,94.1,8242701.0,93.376,38152
2025-11-11,93.65,94.16,92.97,93.6,9212218.0,93.49,44422
2025-11-12,94.11,95.18,92.76,93.57,9886222.0,93.887,54009
2025-11-13,93.7,94.06,91.35,91.78,9886560.0,92.618,54567
2025-11-14,90.06,92.62,89.62,91.62,7842613.0,91.561,42069
2025-11-17,91.31,92.58,90.74,92.11,10221435.0,91.637,60454
2025-11-18,92.1,92.93,89.33,90.86,11729270.0,90.69,61848
2025-11-19,90.6,91.08,88.89,89.53,10978970.0,89.627,58197
2025-11-20,90.2,90.54,82.94,83.36,29512382.0,85.322,156837
2025-11-21,83.97,84.0,81.51,83.87,23080163.0,82.934,122294
2025-11-24,84.15,84.52,83.03,83.69,12412535.0,83.749,62013
2025-11-25,83.8,84.27,82.39,83.69,11083952.0,83.441,55406
2025-11-26,84.11,86.36,83.65,85.66,13112359.0,85.503,66582
2025-11-28,86.51,87.62,86.24,87.54,5794947.0,87.16,30155
2025-12-01,86.99,87.61,85.47,86.57,11302204.0,86.564,55239
2025-12-02,86.03,88.44,85.63,87.57,10656283.0,87.414,51358
2025-12-03,89.84,91.38,88.95,90.68,14703046.0,90.586,68654
2025-12-04,90.18,91.0,89.45,90.99,8229202.0,90.246,46814
2025-12-05,90.72,92.75,90.46,91.32,7225407.0,91.846,41092
2025-12-08,90.77,92.78,90.77,92.57,7673606.0,92.156,45210
2025-12-09,91.81,92.01,88.9,89.07,11287535.0,90.106,62726
2025-12-10,88.64,88.75,82.72,84.16,37480763.0,84.333,174787
2025-12-11,84.06,85.75,83.34,85.44,15362406.0,84.61,77635
2025-12-12,85.5,86.45,84.51,85.11,10417369.0,85.325,55606
2025-12-15,83.46,83.62,81.16,81.86,22643369.0,82.226,111691
2025-12-16,81.75,82.05,80.26,80.92,15024520.0,80.838,77432
2025-12-17,80.81,81.3,78.78,79.14,17847380.0,79.61,96537
2025-12-18,80.36,80.71,79.55,79.69,12030593.0,79.94,61331
2025-12-19,79.77,79.99,78.31,79.31,19711727.0,78.934,88315
2025-12-22,81.32,82.25,80.9,81.26,12836543.0,81.456,69685
2025-12-23,81.01,81.42,80.35,80.97,6115815.0,80.668,29353
2025-12-24,81.01,81.41,80.58,81.15,2731063.0,81.078,13277
2025-12-26,81.2,81.5,80.68,81.26,4368633.0,81.214,21878
2025-12-29,80.91,82.2,80.78,81.5,5967097.0,81.528,31419
2025-12-30,81.74,82.5,81.53,82.12,5932867.0,82.157,32513
2025-12-31,82.0,82.55,81.42,81.71,4805361.0,81.877,27026
2026-01-02,82.04,83.66,81.46,82.86,9079158.0,82.887,51940
2026-01-05,81.61,82.84,79.57,80.74,16680827.0,81.266,86411
2026-01-06,81.18,85.65,81.09,85.54,19129024.0,84.691,94371
2026-01-07,86.24,87.74,85.65,86.19,14627706.0,86.637,82861
2026-01-08,85.76,88.24,85.35,87.59,10110122.0,87.074,55778
2026-01-09,87.24,87.28,84.88,85.44,9754556.0,85.602,49787
2026-01-12,84.64,85.48,83.77,84.67,7796850.0,84.779,39160
2026-01-13,84.21,85.94,83.7,85.41,8400293.0,85.106,45763
2026-01-14,85.37,85.99,83.5,84.65,9258159.0,84.6,53376
2026-01-15,85.81,86.35,82.73,84.38,11792703.0,84.036,64957
2026-01-16,84.15,85.0,83.0,84.85,11483680.0,84.229,63316
2026-01-20,83.06,83.81,82.35,83.72,12180220.0,83.189,70148
2026-01-21,84.39,85.61,82.95,84.26,12812959.0,84.616,65260
2026-01-22,83.5,85.43,81.51,82.56,13965227.0,83.085,69494
2026-01-23,82.65,83.56,81.47,82.31,9770956.0,82.406,49868
2026-01-26,82.35,83.33,81.91,81.98,11468161.0,82.595,57261
2026-01-27,81.95,82.09,79.86,81.24,14387120.0,81.02,72382
2026-01-28,81.16,81.85,79.73,79.78,13069298.0,80.411,62359
2026-01-29,80.44,82.08,79.96,81.7,18313589.0,81.153,92428
2026-01-30,80.91,82.1,79.42,80.05,12508143.0,80.228,61913
2026-02-02,79.8,81.89,79.19,80.84,11050586.0,80.937,54687
2026-02-03,80.48,80.68,77.3,77.93,20122734.0,78.264,107320
2026-02-04,75.63,77.72,71.88,73.92,42219570.0,74.257,203535
2026-02-05,73.26,77.22,73.22,75.21,24186306.0,75.37,119681
2026-02-06,75.5,75.86,72.67,74.77,16491891.0,74.053,87988
2026-02-09,74.76,74.82,73.51,73.91,11989876.0,74.225,67287
2026-02-10,74.38,75.05,73.64,74.3,5363299.0,74.597,23646
